,taxa,n_jones,n_kissling,n_wilman_bird,n_olivira,nutrition_source,n_ambigous
4,Accipiter badius,NA,NA,carnivore,NA,carnivore,FALSE
5,Accipiter melanoleucus,NA,NA,carnivore,NA,carnivore,FALSE
6,Accipiter minullus,NA,NA,carnivore,NA,carnivore,FALSE
7,Accipiter nisus,NA,NA,carnivore,NA,carnivore,FALSE
8,Accipiter ovampensis,NA,NA,carnivore,NA,carnivore,FALSE
9,Accipiter rufiventris,NA,NA,carnivore,NA,carnivore,FALSE
10,Accipiter tachiro,NA,NA,carnivore,NA,carnivore,FALSE
13,Acinonyx jubatus,carnivore,carnivore,NA,NA,carnivore,FALSE
16,Acrocephalus arundinaceus,NA,NA,carnivore,NA,carnivore,FALSE
17,Acrocephalus baeticatus,NA,NA,carnivore,NA,carnivore,FALSE
18,Acrocephalus gracilirostris,NA,NA,carnivore,NA,carnivore,FALSE
19,Acrocephalus schoenobaenus,NA,NA,carnivore,NA,carnivore,FALSE
20,Acrocephalus scirpaceus,NA,NA,carnivore,NA,carnivore,FALSE
22,Actophilornis africanus,NA,NA,carnivore,NA,carnivore,FALSE
23,Aenigmatolimnas marginalis,NA,NA,carnivore,NA,carnivore,FALSE
37,Alcedo cristata,NA,NA,carnivore,NA,carnivore,FALSE
44,Amietophrynus gutturalis,NA,NA,NA,carnivore,carnivore,FALSE
45,Anaplectes rubriceps,NA,NA,carnivore,NA,carnivore,FALSE
54,Anastomus lamelligerus,NA,NA,carnivore,NA,carnivore,FALSE
59,Anhinga rufa,NA,NA,carnivore,NA,carnivore,FALSE
62,Anthoscopus caroli,NA,NA,carnivore,NA,carnivore,FALSE
63,Anthreptes collaris,NA,NA,carnivore,NA,carnivore,FALSE
64,Anthreptes orientalis,NA,NA,carnivore,NA,carnivore,FALSE
65,Anthus caffer,NA,NA,carnivore,NA,carnivore,FALSE
66,Anthus cervinus,NA,NA,carnivore,NA,carnivore,FALSE
67,Anthus leucophrys,NA,NA,carnivore,NA,carnivore,FALSE
68,Anthus richardi,NA,NA,carnivore,NA,carnivore,FALSE
69,Anthus similis,NA,NA,carnivore,NA,carnivore,FALSE
70,Anthus trivialis,NA,NA,carnivore,NA,carnivore,FALSE
71,Anthus vaalensis,NA,NA,carnivore,NA,carnivore,FALSE
76,Apalis alticola,NA,NA,carnivore,NA,carnivore,FALSE
77,Apalis cinerea,NA,NA,carnivore,NA,carnivore,FALSE
78,Apalis flavida,NA,NA,carnivore,NA,carnivore,FALSE
79,Apalis jacksoni,NA,NA,carnivore,NA,carnivore,FALSE
80,Apalis karamojae,NA,NA,carnivore,NA,carnivore,FALSE
81,Apalis porphyrolaema,NA,NA,carnivore,NA,carnivore,FALSE
82,Apaloderma narina,NA,NA,carnivore,NA,carnivore,FALSE
83,Apaloderma vittatum,NA,NA,carnivore,NA,carnivore,FALSE
85,Apus affinis,NA,NA,carnivore,NA,carnivore,FALSE
86,Apus apus,NA,NA,carnivore,NA,carnivore,FALSE
87,Apus barbatus,NA,NA,carnivore,NA,carnivore,FALSE
88,Apus caffer,NA,NA,carnivore,NA,carnivore,FALSE
89,Apus horus,NA,NA,carnivore,NA,carnivore,FALSE
90,Apus niansae,NA,NA,carnivore,NA,carnivore,FALSE
91,Apus toulsoni,NA,NA,carnivore,NA,carnivore,FALSE
92,Aquila heliaca,NA,NA,carnivore,NA,carnivore,FALSE
93,Aquila nipalensis,NA,NA,carnivore,NA,carnivore,FALSE
94,Aquila pomarina,NA,NA,carnivore,NA,carnivore,FALSE
95,Aquila rapax,NA,NA,carnivore,NA,carnivore,FALSE
96,Aquila wahlbergi,NA,NA,carnivore,NA,carnivore,FALSE
97,Ardea cinerea,NA,NA,carnivore,NA,carnivore,FALSE
98,Ardea goliath,NA,NA,carnivore,NA,carnivore,FALSE
99,Ardea melanocephala,NA,NA,carnivore,NA,carnivore,FALSE
100,Ardea purpurea,NA,NA,carnivore,NA,carnivore,FALSE
101,Ardeola idae,NA,NA,carnivore,NA,carnivore,FALSE
102,Ardeola ralloides,NA,NA,carnivore,NA,carnivore,FALSE
103,Ardeola rufiventris,NA,NA,carnivore,NA,carnivore,FALSE
105,Arenaria interpres,NA,NA,carnivore,NA,carnivore,FALSE
108,Asio capensis,NA,NA,carnivore,NA,carnivore,FALSE
112,Aviceda cuculoides,NA,NA,carnivore,NA,carnivore,FALSE
113,Balaeniceps rex,NA,NA,carnivore,NA,carnivore,FALSE
118,Batis molitor,NA,NA,carnivore,NA,carnivore,FALSE
120,Bdeogale crassicauda,carnivore,carnivore,NA,NA,carnivore,FALSE
122,Bostrychia hagedash,NA,NA,carnivore,NA,carnivore,FALSE
123,Bradornis microrhynchus,NA,NA,carnivore,NA,carnivore,FALSE
124,Bradornis pallidus,NA,NA,carnivore,NA,carnivore,FALSE
125,Bradypterus cinnamomeus,NA,NA,carnivore,NA,carnivore,FALSE
126,Bradypterus lopezi,NA,NA,carnivore,NA,carnivore,FALSE
128,Bubo africanus,NA,NA,carnivore,NA,carnivore,FALSE
129,Bubo capensis,NA,NA,carnivore,NA,carnivore,FALSE
130,Bubo lacteus,NA,NA,carnivore,NA,carnivore,FALSE
131,Bubulcus ibis,NA,NA,carnivore,NA,carnivore,FALSE
132,Bucorvus cafer,NA,NA,carnivore,NA,carnivore,FALSE
133,Buphagus africanus,NA,NA,carnivore,NA,carnivore,FALSE
134,Buphagus erythrorhynchus,NA,NA,carnivore,NA,carnivore,FALSE
135,Burhinus capensis,NA,NA,carnivore,NA,carnivore,FALSE
136,Burhinus vermiculatus,NA,NA,carnivore,NA,carnivore,FALSE
137,Butastur rufipennis,NA,NA,carnivore,NA,carnivore,FALSE
138,Buteo augur,NA,NA,carnivore,NA,carnivore,FALSE
139,Buteo buteo,NA,NA,carnivore,NA,carnivore,FALSE
140,Buteo oreophilus,NA,NA,carnivore,NA,carnivore,FALSE
141,Butorides striata,NA,NA,carnivore,NA,carnivore,FALSE
147,Calandrella somalica,NA,NA,carnivore,NA,carnivore,FALSE
148,Calidris alba,NA,NA,carnivore,NA,carnivore,FALSE
149,Calidris ferruginea,NA,NA,carnivore,NA,carnivore,FALSE
150,Calidris minuta,NA,NA,carnivore,NA,carnivore,FALSE
151,Calidris temminckii,NA,NA,carnivore,NA,carnivore,FALSE
153,Camaroptera brachyura,NA,NA,carnivore,NA,carnivore,FALSE
154,Camaroptera simplex,NA,NA,carnivore,NA,carnivore,FALSE
155,Camaroptera undosa,NA,NA,carnivore,NA,carnivore,FALSE
156,Campephaga flava,NA,NA,carnivore,NA,carnivore,FALSE
157,Campephaga quiscalina,NA,NA,carnivore,NA,carnivore,FALSE
158,Campethera abingoni,NA,NA,carnivore,NA,carnivore,FALSE
159,Campethera cailliautii,NA,NA,carnivore,NA,carnivore,FALSE
160,Campethera nubica,NA,NA,carnivore,NA,carnivore,FALSE
161,Campethera tullbergi,NA,NA,carnivore,NA,carnivore,FALSE
164,Caprimulgus clarus,NA,NA,carnivore,NA,carnivore,FALSE
165,Caprimulgus donaldsoni,NA,NA,carnivore,NA,carnivore,FALSE
166,Caprimulgus europaeus,NA,NA,carnivore,NA,carnivore,FALSE
167,Caprimulgus fossii,NA,NA,carnivore,NA,carnivore,FALSE
168,Caprimulgus fraenatus,NA,NA,carnivore,NA,carnivore,FALSE
169,Caprimulgus inornatus,NA,NA,carnivore,NA,carnivore,FALSE
170,Caprimulgus poliocephalus,NA,NA,carnivore,NA,carnivore,FALSE
171,Caprimulgus tristigma,NA,NA,carnivore,NA,carnivore,FALSE
172,Caracal caracal,carnivore,carnivore,NA,NA,carnivore,FALSE
173,Casmerodius albus,NA,NA,carnivore,NA,carnivore,FALSE
175,Centropus grillii,NA,NA,carnivore,NA,carnivore,FALSE
178,Cercomela sordida,NA,NA,carnivore,NA,carnivore,FALSE
180,Ceryle rudis,NA,NA,carnivore,NA,carnivore,FALSE
181,Ceyx pictus,NA,NA,carnivore,NA,carnivore,FALSE
189,Charadrius asiaticus,NA,NA,carnivore,NA,carnivore,FALSE
190,Charadrius dubius,NA,NA,carnivore,NA,carnivore,FALSE
191,Charadrius hiaticula,NA,NA,carnivore,NA,carnivore,FALSE
192,Charadrius marginatus,NA,NA,carnivore,NA,carnivore,FALSE
193,Charadrius pallidus,NA,NA,carnivore,NA,carnivore,FALSE
194,Charadrius pecuarius,NA,NA,carnivore,NA,carnivore,FALSE
195,Charadrius tricollaris,NA,NA,carnivore,NA,carnivore,FALSE
197,Chlidonias hybrida,NA,NA,carnivore,NA,carnivore,FALSE
198,Chlidonias leucopterus,NA,NA,carnivore,NA,carnivore,FALSE
202,Chloropeta similis,NA,NA,carnivore,NA,carnivore,FALSE
203,Chrysococcyx caprius,NA,NA,carnivore,NA,carnivore,FALSE
204,Chrysococcyx cupreus,NA,NA,carnivore,NA,carnivore,FALSE
205,Chrysococcyx klaas,NA,NA,carnivore,NA,carnivore,FALSE
206,Cichladusa guttata,NA,NA,carnivore,NA,carnivore,FALSE
207,Ciconia abdimii,NA,NA,carnivore,NA,carnivore,FALSE
208,Ciconia ciconia,NA,NA,carnivore,NA,carnivore,FALSE
209,Ciconia episcopus,NA,NA,carnivore,NA,carnivore,FALSE
210,Ciconia nigra,NA,NA,carnivore,NA,carnivore,FALSE
213,Circaetus cinerascens,NA,NA,carnivore,NA,carnivore,FALSE
214,Circaetus cinereus,NA,NA,carnivore,NA,carnivore,FALSE
215,Circaetus pectoralis,NA,NA,carnivore,NA,carnivore,FALSE
216,Circus aeruginosus,NA,NA,carnivore,NA,carnivore,FALSE
217,Circus macrourus,NA,NA,carnivore,NA,carnivore,FALSE
218,Circus pygargus,NA,NA,carnivore,NA,carnivore,FALSE
219,Circus ranivorus,NA,NA,carnivore,NA,carnivore,FALSE
220,Cisticola aberrans,NA,NA,carnivore,NA,carnivore,FALSE
221,Cisticola angusticauda,NA,NA,carnivore,NA,carnivore,FALSE
222,Cisticola aridulus,NA,NA,carnivore,NA,carnivore,FALSE
223,Cisticola brachypterus,NA,NA,carnivore,NA,carnivore,FALSE
224,Cisticola brunnescens,NA,NA,carnivore,NA,carnivore,FALSE
225,Cisticola cantans,NA,NA,carnivore,NA,carnivore,FALSE
226,Cisticola chiniana,NA,NA,carnivore,NA,carnivore,FALSE
227,Cisticola cinereolus,NA,NA,carnivore,NA,carnivore,FALSE
228,Cisticola erythrops,NA,NA,carnivore,NA,carnivore,FALSE
229,Cisticola galactotes,NA,NA,carnivore,NA,carnivore,FALSE
230,Cisticola hunteri,NA,NA,carnivore,NA,carnivore,FALSE
231,Cisticola juncidis,NA,NA,carnivore,NA,carnivore,FALSE
232,Cisticola lais,NA,NA,carnivore,NA,carnivore,FALSE
233,Cisticola nanus,NA,NA,carnivore,NA,carnivore,FALSE
234,Cisticola natalensis,NA,NA,carnivore,NA,carnivore,FALSE
235,Cisticola robustus,NA,NA,carnivore,NA,carnivore,FALSE
236,Cisticola woosnami,NA,NA,carnivore,NA,carnivore,FALSE
237,Clamator glandarius,NA,NA,carnivore,NA,carnivore,FALSE
238,Clamator jacobinus,NA,NA,carnivore,NA,carnivore,FALSE
239,Clamator levaillantii,NA,NA,carnivore,NA,carnivore,FALSE
241,Coleura afra,carnivore,carnivore,NA,NA,carnivore,FALSE
251,Coracias garrulus,NA,NA,carnivore,NA,carnivore,FALSE
253,Coracina caesia,NA,NA,carnivore,NA,carnivore,FALSE
255,Corvus albicollis,NA,NA,carnivore,NA,carnivore,FALSE
256,Corvus albus,NA,NA,carnivore,NA,carnivore,FALSE
260,Cosmopsarus unicolor,NA,NA,carnivore,NA,carnivore,FALSE
261,Cossypha caffra,NA,NA,carnivore,NA,carnivore,FALSE
262,Cossypha heuglini,NA,NA,carnivore,NA,carnivore,FALSE
263,Cossypha natalensis,NA,NA,carnivore,NA,carnivore,FALSE
264,Cossypha niveicapilla,NA,NA,carnivore,NA,carnivore,FALSE
265,Cossypha semirufa,NA,NA,carnivore,NA,carnivore,FALSE
269,Creatophora cinerea,NA,NA,carnivore,NA,carnivore,FALSE
277,Cuculus canorus,NA,NA,carnivore,NA,carnivore,FALSE
278,Cuculus clamosus,NA,NA,carnivore,NA,carnivore,FALSE
279,Cuculus gularis,NA,NA,carnivore,NA,carnivore,FALSE
280,Cuculus poliocephalus,NA,NA,carnivore,NA,carnivore,FALSE
281,Cuculus rochii,NA,NA,carnivore,NA,carnivore,FALSE
282,Cuculus solitarius,NA,NA,carnivore,NA,carnivore,FALSE
283,Cursorius temminckii,NA,NA,carnivore,NA,carnivore,FALSE
284,Cypsiurus parvus,NA,NA,carnivore,NA,carnivore,FALSE
288,Delichon urbicum,NA,NA,carnivore,NA,carnivore,FALSE
290,Dendrocopos obsoletus,NA,NA,carnivore,NA,carnivore,FALSE
295,Dendropicos fuscescens,NA,NA,carnivore,NA,carnivore,FALSE
296,Dendropicos spodocephalus,NA,NA,carnivore,NA,carnivore,FALSE
298,Dicrurus adsimilis,NA,NA,carnivore,NA,carnivore,FALSE
300,Dioptrornis fischeri,NA,NA,carnivore,NA,carnivore,FALSE
305,Egretta ardesiaca,NA,NA,carnivore,NA,carnivore,FALSE
306,Egretta garzetta,NA,NA,carnivore,NA,carnivore,FALSE
307,Elanus caeruleus,NA,NA,carnivore,NA,carnivore,FALSE
309,Elminia albicauda,NA,NA,carnivore,NA,carnivore,FALSE
312,Eminia lepida,NA,NA,carnivore,NA,carnivore,FALSE
313,Empidornis semipartitus,NA,NA,carnivore,NA,carnivore,FALSE
314,Ephippiorhynchus senegalensis,NA,NA,carnivore,NA,carnivore,FALSE
317,Eremomela icteropygialis,NA,NA,carnivore,NA,carnivore,FALSE
318,Eremomela scotops,NA,NA,carnivore,NA,carnivore,FALSE
322,Erythropygia hartlaubi,NA,NA,carnivore,NA,carnivore,FALSE
323,Erythropygia leucophrys,NA,NA,carnivore,NA,carnivore,FALSE
342,Eupodotis melanogaster,NA,NA,carnivore,NA,carnivore,FALSE
344,Eurocephalus rueppelli,NA,NA,carnivore,NA,carnivore,FALSE
345,Eurystomus glaucurus,NA,NA,carnivore,NA,carnivore,FALSE
348,Falco amurensis,NA,NA,carnivore,NA,carnivore,FALSE
349,Falco ardosiaceus,NA,NA,carnivore,NA,carnivore,FALSE
350,Falco biarmicus,NA,NA,carnivore,NA,carnivore,FALSE
351,Falco cherrug,NA,NA,carnivore,NA,carnivore,FALSE
352,Falco chicquera,NA,NA,carnivore,NA,carnivore,FALSE
353,Falco cuvierii,NA,NA,carnivore,NA,carnivore,FALSE
354,Falco dickinsoni,NA,NA,carnivore,NA,carnivore,FALSE
356,Falco fasciinucha,NA,NA,carnivore,NA,carnivore,FALSE
357,Falco naumanni,NA,NA,carnivore,NA,carnivore,FALSE
358,Falco peregrinus,NA,NA,carnivore,NA,carnivore,FALSE
359,Falco rupicoloides,NA,NA,carnivore,NA,carnivore,FALSE
360,Falco tinnunculus,NA,NA,carnivore,NA,carnivore,FALSE
361,Falco vespertinus,NA,NA,carnivore,NA,carnivore,FALSE
362,Ficedula semitorquata,NA,NA,carnivore,NA,carnivore,FALSE
368,Francolinus sephaena,NA,NA,carnivore,NA,carnivore,FALSE
372,Gallinago gallinago,NA,NA,carnivore,NA,carnivore,FALSE
373,Gallinago media,NA,NA,carnivore,NA,carnivore,FALSE
374,Gallinago nigripennis,NA,NA,carnivore,NA,carnivore,FALSE
383,Glareola ocularis,NA,NA,carnivore,NA,carnivore,FALSE
384,Glareola pratincola,NA,NA,carnivore,NA,carnivore,FALSE
385,Glaucidium capense,NA,NA,carnivore,NA,carnivore,FALSE
386,Glaucidium perlatum,NA,NA,carnivore,NA,carnivore,FALSE
387,Glauconycteris variegata,carnivore,carnivore,NA,NA,carnivore,FALSE
388,Gorsachius leuconotus,NA,NA,carnivore,NA,carnivore,FALSE
394,Gypaetus barbatus,NA,NA,carnivore,NA,carnivore,FALSE
396,Gyps africanus,NA,NA,carnivore,NA,carnivore,FALSE
397,Gyps rueppellii,NA,NA,carnivore,NA,carnivore,FALSE
398,Halcyon chelicuti,NA,NA,carnivore,NA,carnivore,FALSE
399,Halcyon leucocephala,NA,NA,carnivore,NA,carnivore,FALSE
400,Halcyon senegalensis,NA,NA,carnivore,NA,carnivore,FALSE
401,Haliaeetus vocifer,NA,NA,carnivore,NA,carnivore,FALSE
407,Hemisus guineensis,NA,NA,NA,carnivore,carnivore,FALSE
408,Hemisus marmoratus,NA,NA,NA,carnivore,carnivore,FALSE
409,Hieraaetus ayresii,NA,NA,carnivore,NA,carnivore,FALSE
410,Hieraaetus pennatus,NA,NA,carnivore,NA,carnivore,FALSE
411,Hieraaetus spilogaster,NA,NA,carnivore,NA,carnivore,FALSE
413,Himantopus himantopus,NA,NA,carnivore,NA,carnivore,FALSE
414,Hippolais icterina,NA,NA,carnivore,NA,carnivore,FALSE
415,Hippolais languida,NA,NA,carnivore,NA,carnivore,FALSE
416,Hippolais olivetorum,NA,NA,carnivore,NA,carnivore,FALSE
417,Hippolais pallida,NA,NA,carnivore,NA,carnivore,FALSE
419,Hipposideros caffer,carnivore,carnivore,NA,NA,carnivore,FALSE
433,Hirundo abyssinica,NA,NA,carnivore,NA,carnivore,FALSE
434,Hirundo angolensis,NA,NA,carnivore,NA,carnivore,FALSE
435,Hirundo daurica,NA,NA,carnivore,NA,carnivore,FALSE
436,Hirundo fuligula,NA,NA,carnivore,NA,carnivore,FALSE
437,Hirundo rustica,NA,NA,carnivore,NA,carnivore,FALSE
438,Hirundo semirufa,NA,NA,carnivore,NA,carnivore,FALSE
439,Hirundo senegalensis,NA,NA,carnivore,NA,carnivore,FALSE
440,Hirundo smithii,NA,NA,carnivore,NA,carnivore,FALSE
442,Hoplobatrachus occipitalis,NA,NA,NA,carnivore,carnivore,FALSE
443,Hydrictis maculicollis,carnivore,carnivore,NA,NA,carnivore,FALSE
446,Hyliota flavigaster,NA,NA,carnivore,NA,carnivore,FALSE
454,Indicator meliphilus,NA,NA,carnivore,NA,carnivore,FALSE
457,Irania gutturalis,NA,NA,carnivore,NA,carnivore,FALSE
458,Ixobrychus minutus,NA,NA,carnivore,NA,carnivore,FALSE
459,Ixobrychus sturmii,NA,NA,carnivore,NA,carnivore,FALSE
461,Jynx ruficollis,NA,NA,carnivore,NA,carnivore,FALSE
463,Kaupifalco monogrammicus,NA,NA,carnivore,NA,carnivore,FALSE
473,Lamprotornis hildebrandti,NA,NA,carnivore,NA,carnivore,FALSE
474,Lamprotornis purpuroptera,NA,NA,carnivore,NA,carnivore,FALSE
475,Lamprotornis superbus,NA,NA,carnivore,NA,carnivore,FALSE
477,Laniarius erythrogaster,NA,NA,carnivore,NA,carnivore,FALSE
478,Laniarius funebris,NA,NA,carnivore,NA,carnivore,FALSE
480,Lanius collaris,NA,NA,carnivore,NA,carnivore,FALSE
481,Lanius collurio,NA,NA,carnivore,NA,carnivore,FALSE
482,Lanius dorsalis,NA,NA,carnivore,NA,carnivore,FALSE
483,Lanius excubitoroides,NA,NA,carnivore,NA,carnivore,FALSE
484,Lanius isabellinus,NA,NA,carnivore,NA,carnivore,FALSE
485,Lanius mackinnoni,NA,NA,carnivore,NA,carnivore,FALSE
486,Larus cirrocephalus,NA,NA,carnivore,NA,carnivore,FALSE
487,Larus ridibundus,NA,NA,carnivore,NA,carnivore,FALSE
492,Leptoptilos crumeniferus,NA,NA,carnivore,NA,carnivore,FALSE
500,Limosa limosa,NA,NA,carnivore,NA,carnivore,FALSE
502,Locustella fluviatilis,NA,NA,carnivore,NA,carnivore,FALSE
507,Lophaetus occipitalis,NA,NA,carnivore,NA,carnivore,FALSE
514,Lycaon pictus,carnivore,carnivore,NA,NA,carnivore,FALSE
523,Macheiramphus alcinus,NA,NA,carnivore,NA,carnivore,FALSE
525,Macronyx ameliae,NA,NA,carnivore,NA,carnivore,FALSE
526,Macronyx aurantiigula,NA,NA,carnivore,NA,carnivore,FALSE
527,Macronyx croceus,NA,NA,carnivore,NA,carnivore,FALSE
532,Malaconotus blanchoti,NA,NA,carnivore,NA,carnivore,FALSE
535,Megaceryle maxima,NA,NA,carnivore,NA,carnivore,FALSE
536,Melaenornis edolioides,NA,NA,carnivore,NA,carnivore,FALSE
537,Melaenornis pammelaina,NA,NA,carnivore,NA,carnivore,FALSE
538,Melierax gabar,NA,NA,carnivore,NA,carnivore,FALSE
539,Melierax metabates,NA,NA,carnivore,NA,carnivore,FALSE
540,Melierax poliopterus,NA,NA,carnivore,NA,carnivore,FALSE
541,Merops albicollis,NA,NA,carnivore,NA,carnivore,FALSE
542,Merops oreobates,NA,NA,carnivore,NA,carnivore,FALSE
543,Merops persicus,NA,NA,carnivore,NA,carnivore,FALSE
544,Merops pusillus,NA,NA,carnivore,NA,carnivore,FALSE
545,Merops superciliosus,NA,NA,carnivore,NA,carnivore,FALSE
547,Mesophoyx intermedia,NA,NA,carnivore,NA,carnivore,FALSE
548,Mesopicos goertae,NA,NA,carnivore,NA,carnivore,FALSE
550,Microparra capensis,NA,NA,carnivore,NA,carnivore,FALSE
551,Milvus migrans,NA,NA,carnivore,NA,carnivore,FALSE
552,Mirafra africana,NA,NA,carnivore,NA,carnivore,FALSE
554,Mirafra alopex,NA,NA,carnivore,NA,carnivore,FALSE
556,Mirafra hypermetra,NA,NA,carnivore,NA,carnivore,FALSE
557,Mirafra rufocinnamomea,NA,NA,carnivore,NA,carnivore,FALSE
558,Monticola rufocinereus,NA,NA,carnivore,NA,carnivore,FALSE
559,Monticola saxatilis,NA,NA,carnivore,NA,carnivore,FALSE
560,Motacilla aguimp,NA,NA,carnivore,NA,carnivore,FALSE
561,Motacilla cinerea,NA,NA,carnivore,NA,carnivore,FALSE
562,Motacilla clara,NA,NA,carnivore,NA,carnivore,FALSE
563,Motacilla flava,NA,NA,carnivore,NA,carnivore,FALSE
565,Muscicapa adusta,NA,NA,carnivore,NA,carnivore,FALSE
566,Muscicapa caerulescens,NA,NA,carnivore,NA,carnivore,FALSE
567,Muscicapa striata,NA,NA,carnivore,NA,carnivore,FALSE
569,Mycteria ibis,NA,NA,carnivore,NA,carnivore,FALSE
572,Myrmecocichla nigra,NA,NA,carnivore,NA,carnivore,FALSE
577,Necrosyrtes monachus,NA,NA,carnivore,NA,carnivore,FALSE
586,Nectarinia reichenowi,NA,NA,carnivore,NA,carnivore,FALSE
592,Neophron percnopterus,NA,NA,carnivore,NA,carnivore,FALSE
614,Nilaus afer,NA,NA,carnivore,NA,carnivore,FALSE
617,Numenius phaeopus,NA,NA,carnivore,NA,carnivore,FALSE
621,Nycticeinops schlieffeni,carnivore,carnivore,NA,NA,carnivore,FALSE
622,Nycticorax nycticorax,NA,NA,carnivore,NA,carnivore,FALSE
624,Oenanthe isabellina,NA,NA,carnivore,NA,carnivore,FALSE
625,Oenanthe lugens,NA,NA,carnivore,NA,carnivore,FALSE
626,Oenanthe oenanthe,NA,NA,carnivore,NA,carnivore,FALSE
627,Oenanthe pileata,NA,NA,carnivore,NA,carnivore,FALSE
628,Oenanthe pleschanka,NA,NA,carnivore,NA,carnivore,FALSE
637,Otocyon megalotis,carnivore,carnivore,NA,NA,carnivore,FALSE
639,Otus leucotis,NA,NA,carnivore,NA,carnivore,FALSE
640,Otus senegalensis,NA,NA,carnivore,NA,carnivore,FALSE
644,Pandion haliaetus,NA,NA,carnivore,NA,carnivore,FALSE
645,Panthera leo,carnivore,carnivore,NA,NA,carnivore,FALSE
646,Panthera pardus,carnivore,carnivore,NA,NA,carnivore,FALSE
650,Parus albiventris,NA,NA,carnivore,NA,carnivore,FALSE
651,Parus fringillinus,NA,NA,carnivore,NA,carnivore,FALSE
658,Pelecanus onocrotalus,NA,NA,carnivore,NA,carnivore,FALSE
659,Pelecanus rufescens,NA,NA,carnivore,NA,carnivore,FALSE
662,Pernis apivorus,NA,NA,carnivore,NA,carnivore,FALSE
664,Phalacrocorax africanus,NA,NA,carnivore,NA,carnivore,FALSE
665,Phalacrocorax carbo,NA,NA,carnivore,NA,carnivore,FALSE
672,Phoeniculus bollei,NA,NA,carnivore,NA,carnivore,FALSE
673,Phoeniculus purpureus,NA,NA,carnivore,NA,carnivore,FALSE
678,Phrynomantis bifasciatus,NA,NA,NA,carnivore,carnivore,FALSE
679,Phyllastrephus cabanisi,NA,NA,carnivore,NA,carnivore,FALSE
680,Phyllastrephus cerviniventris,NA,NA,carnivore,NA,carnivore,FALSE
682,Phyllolais pulchella,NA,NA,carnivore,NA,carnivore,FALSE
683,Phylloscopus trochilus,NA,NA,carnivore,NA,carnivore,FALSE
684,Phylloscopus umbrovirens,NA,NA,carnivore,NA,carnivore,FALSE
687,Pipistrellus rueppellii,carnivore,carnivore,NA,NA,carnivore,FALSE
688,Pitta angolensis,NA,NA,carnivore,NA,carnivore,FALSE
691,Platysteira cyanea,NA,NA,carnivore,NA,carnivore,FALSE
692,Platysteira peltata,NA,NA,carnivore,NA,carnivore,FALSE
694,Plegadis falcinellus,NA,NA,carnivore,NA,carnivore,FALSE
696,Ploceus baglafecht,NA,NA,carnivore,NA,carnivore,FALSE
698,Ploceus insignis,NA,NA,carnivore,NA,carnivore,FALSE
699,Ploceus intermedius,NA,NA,carnivore,NA,carnivore,FALSE
702,Ploceus nigricollis,NA,NA,carnivore,NA,carnivore,FALSE
703,Ploceus ocularis,NA,NA,carnivore,NA,carnivore,FALSE
709,Pluvialis squatarola,NA,NA,carnivore,NA,carnivore,FALSE
710,Podiceps cristatus,NA,NA,carnivore,NA,carnivore,FALSE
711,Podiceps nigricollis,NA,NA,carnivore,NA,carnivore,FALSE
716,Pogonocichla stellata,NA,NA,carnivore,NA,carnivore,FALSE
720,Polemaetus bellicosus,NA,NA,carnivore,NA,carnivore,FALSE
724,Polihierax semitorquatus,NA,NA,carnivore,NA,carnivore,FALSE
725,Polyboroides typus,NA,NA,carnivore,NA,carnivore,FALSE
736,Porzana pusilla,NA,NA,carnivore,NA,carnivore,FALSE
742,Prinia subflava,NA,NA,carnivore,NA,carnivore,FALSE
743,Prionops plumatus,NA,NA,carnivore,NA,carnivore,FALSE
744,Prionops poliolophus,NA,NA,carnivore,NA,carnivore,FALSE
746,Prodotiscus regulus,NA,NA,carnivore,NA,carnivore,FALSE
748,Psalidoprocne albiceps,NA,NA,carnivore,NA,carnivore,FALSE
749,Psalidoprocne pristoptera,NA,NA,carnivore,NA,carnivore,FALSE
754,Pseudhirundo griseopyga,NA,NA,carnivore,NA,carnivore,FALSE
755,Pseudoalcippe abyssinica,NA,NA,carnivore,NA,carnivore,FALSE
764,Ptilopsis granti,NA,NA,carnivore,NA,carnivore,FALSE
765,Ptychadena anchietae,NA,NA,NA,carnivore,carnivore,FALSE
768,Ptychadena oxyrhynchus,NA,NA,NA,carnivore,carnivore,FALSE
770,Ptychadena schillukorum,NA,NA,NA,carnivore,carnivore,FALSE
772,Ptychadena taenioscelis,NA,NA,NA,carnivore,carnivore,FALSE
776,Pyxicephalus adspersus,NA,NA,NA,carnivore,carnivore,FALSE
783,Recurvirostra avosetta,NA,NA,carnivore,NA,carnivore,FALSE
788,Rhinopomastus cyanomelas,NA,NA,carnivore,NA,carnivore,FALSE
789,Rhinopomastus minor,NA,NA,carnivore,NA,carnivore,FALSE
790,Rhinoptilus africanus,NA,NA,carnivore,NA,carnivore,FALSE
791,Rhinoptilus chalcopterus,NA,NA,carnivore,NA,carnivore,FALSE
792,Rhinoptilus cinctus,NA,NA,carnivore,NA,carnivore,FALSE
796,Rhodophoneus cruentus,NA,NA,carnivore,NA,carnivore,FALSE
797,Riparia cincta,NA,NA,carnivore,NA,carnivore,FALSE
798,Riparia paludicola,NA,NA,carnivore,NA,carnivore,FALSE
799,Riparia riparia,NA,NA,carnivore,NA,carnivore,FALSE
800,Rostratula benghalensis,NA,NA,carnivore,NA,carnivore,FALSE
804,Rynchops flavirostris,NA,NA,carnivore,NA,carnivore,FALSE
806,Sagittarius serpentarius,NA,NA,carnivore,NA,carnivore,FALSE
808,Sarothrura affinis,NA,NA,carnivore,NA,carnivore,FALSE
809,Sarothrura elegans,NA,NA,carnivore,NA,carnivore,FALSE
810,Sarothrura rufa,NA,NA,carnivore,NA,carnivore,FALSE
811,Saxicola rubetra,NA,NA,carnivore,NA,carnivore,FALSE
812,Saxicola torquatus,NA,NA,carnivore,NA,carnivore,FALSE
814,Schoenicola brevirostris,NA,NA,carnivore,NA,carnivore,FALSE
815,Schoutedenapus myoptilus,NA,NA,carnivore,NA,carnivore,FALSE
817,Scopus umbretta,NA,NA,carnivore,NA,carnivore,FALSE
819,Scotopelia peli,NA,NA,carnivore,NA,carnivore,FALSE
831,Smithornis capensis,NA,NA,carnivore,NA,carnivore,FALSE
835,Stephanoaetus coronatus,NA,NA,carnivore,NA,carnivore,FALSE
843,Strix woodfordii,NA,NA,carnivore,NA,carnivore,FALSE
848,Sylvia communis,NA,NA,carnivore,NA,carnivore,FALSE
849,Sylvia lugens,NA,NA,carnivore,NA,carnivore,FALSE
851,Sylvietta brachyura,NA,NA,carnivore,NA,carnivore,FALSE
852,Sylvietta whytii,NA,NA,carnivore,NA,carnivore,FALSE
853,Tachybaptus ruficollis,NA,NA,carnivore,NA,carnivore,FALSE
854,Tachymarptis aequatorialis,NA,NA,carnivore,NA,carnivore,FALSE
855,Tachymarptis melba,NA,NA,carnivore,NA,carnivore,FALSE
860,Tchagra australis,NA,NA,carnivore,NA,carnivore,FALSE
861,Tchagra jamesi,NA,NA,carnivore,NA,carnivore,FALSE
862,Tchagra senegalus,NA,NA,carnivore,NA,carnivore,FALSE
864,Telophorus nigrifrons,NA,NA,carnivore,NA,carnivore,FALSE
865,Telophorus sulfureopectus,NA,NA,carnivore,NA,carnivore,FALSE
889,Terathopius ecaudatus,NA,NA,carnivore,NA,carnivore,FALSE
890,Terpsiphone viridis,NA,NA,carnivore,NA,carnivore,FALSE
899,Threskiornis aethiopicus,NA,NA,carnivore,NA,carnivore,FALSE
900,Thripias namaquus,NA,NA,carnivore,NA,carnivore,FALSE
901,Tmetothylacus tenellus,NA,NA,carnivore,NA,carnivore,FALSE
905,Tockus flavirostris,NA,NA,carnivore,NA,carnivore,FALSE
906,Tockus nasutus,NA,NA,carnivore,NA,carnivore,FALSE
908,Tomopterna luganga,NA,NA,NA,carnivore,carnivore,FALSE
909,Torgos tracheliotos,NA,NA,carnivore,NA,carnivore,FALSE
919,Tricholaema melanocephala,NA,NA,carnivore,NA,carnivore,FALSE
920,Trigonoceps occipitalis,NA,NA,carnivore,NA,carnivore,FALSE
921,Tringa erythropus,NA,NA,carnivore,NA,carnivore,FALSE
922,Tringa glareola,NA,NA,carnivore,NA,carnivore,FALSE
923,Tringa nebularia,NA,NA,carnivore,NA,carnivore,FALSE
924,Tringa ochropus,NA,NA,carnivore,NA,carnivore,FALSE
925,Tringa stagnatilis,NA,NA,carnivore,NA,carnivore,FALSE
926,Tringa totanus,NA,NA,carnivore,NA,carnivore,FALSE
927,Turdoides aylmeri,NA,NA,carnivore,NA,carnivore,FALSE
929,Turdoides jardineii,NA,NA,carnivore,NA,carnivore,FALSE
930,Turdoides rubiginosa,NA,NA,carnivore,NA,carnivore,FALSE
931,Turdoides sharpei,NA,NA,carnivore,NA,carnivore,FALSE
932,Turdus menachensis,NA,NA,carnivore,NA,carnivore,FALSE
935,Turnix sylvaticus,NA,NA,carnivore,NA,carnivore,FALSE
940,Tyto alba,NA,NA,carnivore,NA,carnivore,FALSE
941,Tyto capensis,NA,NA,carnivore,NA,carnivore,FALSE
942,Upupa epops,NA,NA,carnivore,NA,carnivore,FALSE
948,Urolestes melanoleucus,NA,NA,carnivore,NA,carnivore,FALSE
949,Vanellus armatus,NA,NA,carnivore,NA,carnivore,FALSE
950,Vanellus coronatus,NA,NA,carnivore,NA,carnivore,FALSE
951,Vanellus crassirostris,NA,NA,carnivore,NA,carnivore,FALSE
952,Vanellus lugubris,NA,NA,carnivore,NA,carnivore,FALSE
953,Vanellus melanopterus,NA,NA,carnivore,NA,carnivore,FALSE
954,Vanellus senegallus,NA,NA,carnivore,NA,carnivore,FALSE
955,Vanellus spinosus,NA,NA,carnivore,NA,carnivore,FALSE
956,Vanellus superciliosus,NA,NA,carnivore,NA,carnivore,FALSE
964,Xenopus muelleri,NA,NA,NA,carnivore,carnivore,FALSE
965,Xenopus victorianus,NA,NA,NA,carnivore,carnivore,FALSE
967,Zoothera gurneyi,NA,NA,carnivore,NA,carnivore,FALSE
969,Zosterops abyssinicus,NA,NA,carnivore,NA,carnivore,FALSE
24,Aepyceros melampus,herbivore,herbivore,NA,NA,herbivore,FALSE
34,Agapornis fischeri,NA,NA,herbivore,NA,herbivore,FALSE
35,Agapornis personatus,NA,NA,herbivore,NA,herbivore,FALSE
38,Alopochen aegyptiaca,NA,NA,herbivore,NA,herbivore,FALSE
39,Amadina fasciata,NA,NA,herbivore,NA,herbivore,FALSE
40,Amandava subflava,NA,NA,herbivore,NA,herbivore,FALSE
47,Anas crecca,NA,NA,herbivore,NA,herbivore,FALSE
48,Anas erythrorhyncha,NA,NA,herbivore,NA,herbivore,FALSE
49,Anas hottentota,NA,NA,herbivore,NA,herbivore,FALSE
50,Anas penelope,NA,NA,herbivore,NA,herbivore,FALSE
53,Anas undulata,NA,NA,herbivore,NA,herbivore,FALSE
58,Andropadus nigriceps,NA,NA,herbivore,NA,herbivore,FALSE
60,Anomalospiza imberbis,NA,NA,herbivore,NA,herbivore,FALSE
61,Anomalurus derbianus,herbivore,herbivore,NA,NA,herbivore,FALSE
127,Bubalornis niger,NA,NA,herbivore,NA,herbivore,FALSE
142,Bycanistes brevis,NA,NA,herbivore,NA,herbivore,FALSE
143,Bycanistes bucinator,NA,NA,herbivore,NA,herbivore,FALSE
144,Bycanistes subcylindricus,NA,NA,herbivore,NA,herbivore,FALSE
146,Calandrella cinerea,NA,NA,herbivore,NA,herbivore,FALSE
199,Chlorocichla flavicollis,NA,NA,herbivore,NA,herbivore,FALSE
211,Cinnyricinclus leucogaster,NA,NA,herbivore,NA,herbivore,FALSE
212,Cinnyricinclus sharpii,NA,NA,herbivore,NA,herbivore,FALSE
242,Colius leucocephalus,NA,NA,herbivore,NA,herbivore,FALSE
243,Colius striatus,NA,NA,herbivore,NA,herbivore,FALSE
244,Colobus guereza,herbivore,herbivore,NA,NA,herbivore,FALSE
245,Columba arquatrix,NA,NA,herbivore,NA,herbivore,FALSE
246,Columba delegorguei,NA,NA,herbivore,NA,herbivore,FALSE
247,Columba guinea,NA,NA,herbivore,NA,herbivore,FALSE
248,Columba livia,NA,NA,herbivore,NA,herbivore,FALSE
249,Connochaetes taurinus,herbivore,herbivore,NA,NA,herbivore,FALSE
258,Corythaixoides leucogaster,NA,NA,herbivore,NA,herbivore,FALSE
259,Corythaixoides personatus,NA,NA,herbivore,NA,herbivore,FALSE
266,Coturnix chinensis,NA,NA,herbivore,NA,herbivore,FALSE
267,Coturnix coturnix,NA,NA,herbivore,NA,herbivore,FALSE
268,Coturnix delegorguei,NA,NA,herbivore,NA,herbivore,FALSE
273,Crinifer zonurus,NA,NA,herbivore,NA,herbivore,FALSE
276,Cryptospiza salvadorii,NA,NA,herbivore,NA,herbivore,FALSE
285,Damaliscus lunatus,herbivore,herbivore,NA,NA,herbivore,FALSE
291,Dendrocygna bicolor,NA,NA,herbivore,NA,herbivore,FALSE
292,Dendrocygna viduata,NA,NA,herbivore,NA,herbivore,FALSE
293,Dendrohyrax arboreus,herbivore,herbivore,NA,NA,herbivore,FALSE
297,Diceros bicornis,herbivore,herbivore,NA,NA,herbivore,FALSE
299,Dinemellia dinemelli,NA,NA,herbivore,NA,herbivore,FALSE
310,Emberiza flaviventris,NA,NA,herbivore,NA,herbivore,FALSE
311,Emberiza tahapisi,NA,NA,herbivore,NA,herbivore,FALSE
315,Epomophorus labiatus,herbivore,herbivore,NA,NA,herbivore,FALSE
319,Eremopterix leucopareia,NA,NA,herbivore,NA,herbivore,FALSE
324,Estrilda astrild,NA,NA,herbivore,NA,herbivore,FALSE
325,Estrilda erythronotos,NA,NA,herbivore,NA,herbivore,FALSE
326,Estrilda melanotis,NA,NA,herbivore,NA,herbivore,FALSE
327,Estrilda quartinia,NA,NA,herbivore,NA,herbivore,FALSE
328,Estrilda rhodopyga,NA,NA,herbivore,NA,herbivore,FALSE
330,Eudorcas thomsonii,herbivore,herbivore,NA,NA,herbivore,FALSE
331,Euplectes afer,NA,NA,herbivore,NA,herbivore,FALSE
332,Euplectes albonotatus,NA,NA,herbivore,NA,herbivore,FALSE
334,Euplectes axillaris,NA,NA,herbivore,NA,herbivore,FALSE
335,Euplectes capensis,NA,NA,herbivore,NA,herbivore,FALSE
337,Euplectes hordeaceus,NA,NA,herbivore,NA,herbivore,FALSE
338,Euplectes jacksoni,NA,NA,herbivore,NA,herbivore,FALSE
340,Eupodotis gindiana,NA,NA,herbivore,NA,herbivore,FALSE
363,Francolinus afer,NA,NA,herbivore,NA,herbivore,FALSE
364,Francolinus coqui,NA,NA,herbivore,NA,herbivore,FALSE
365,Francolinus hildebrandti,NA,NA,herbivore,NA,herbivore,FALSE
366,Francolinus leucoscepus,NA,NA,herbivore,NA,herbivore,FALSE
367,Francolinus rufopictus,NA,NA,herbivore,NA,herbivore,FALSE
369,Francolinus shelleyi,NA,NA,herbivore,NA,herbivore,FALSE
370,Francolinus squamatus,NA,NA,herbivore,NA,herbivore,FALSE
371,Fulica cristata,NA,NA,herbivore,NA,herbivore,FALSE
375,Gallinula angulata,NA,NA,herbivore,NA,herbivore,FALSE
382,Giraffa camelopardalis,herbivore,herbivore,NA,NA,herbivore,FALSE
395,Gypohierax angolensis,NA,NA,herbivore,NA,herbivore,FALSE
402,Heliophobius argenteocinereus,herbivore,herbivore,NA,NA,herbivore,FALSE
432,Hippotragus equinus,herbivore,herbivore,NA,NA,herbivore,FALSE
448,Hypargos niveoguttatus,NA,NA,herbivore,NA,herbivore,FALSE
451,Hystrix africaeaustralis,herbivore,herbivore,NA,NA,herbivore,FALSE
453,Indicator indicator,NA,NA,herbivore,NA,herbivore,FALSE
455,Indicator minor,NA,NA,herbivore,NA,herbivore,FALSE
456,Indicator variegatus,NA,NA,herbivore,NA,herbivore,FALSE
467,Kobus ellipsiprymnus,herbivore,herbivore,NA,NA,herbivore,FALSE
468,Lagonosticta rhodopareia,NA,NA,herbivore,NA,herbivore,FALSE
469,Lagonosticta rubricata,NA,NA,herbivore,NA,herbivore,FALSE
470,Lagonosticta senegala,NA,NA,herbivore,NA,herbivore,FALSE
503,Lonchura bicolor,NA,NA,herbivore,NA,herbivore,FALSE
504,Lonchura cantans,NA,NA,herbivore,NA,herbivore,FALSE
505,Lonchura cucullata,NA,NA,herbivore,NA,herbivore,FALSE
506,Lonchura griseicapilla,NA,NA,herbivore,NA,herbivore,FALSE
510,Loxodonta africana,herbivore,herbivore,NA,NA,herbivore,FALSE
513,Lybius leucocephalus,NA,NA,herbivore,NA,herbivore,FALSE
530,Madoqua kirkii,herbivore,herbivore,NA,NA,herbivore,FALSE
533,Mandingoa nitidula,NA,NA,herbivore,NA,herbivore,FALSE
568,Musophaga rossae,NA,NA,herbivore,NA,herbivore,FALSE
571,Myrmecocichla cinnamomeiventris,NA,NA,herbivore,NA,herbivore,FALSE
575,Nandinia binotata,herbivore,herbivore,NA,NA,herbivore,FALSE
576,Nanger granti,herbivore,herbivore,NA,NA,herbivore,FALSE
583,Nectarinia mariquensis,NA,NA,herbivore,NA,herbivore,FALSE
611,Netta erythrophthalma,NA,NA,herbivore,NA,herbivore,FALSE
612,Nettapus auritus,NA,NA,herbivore,NA,herbivore,FALSE
618,Numida meleagris,NA,NA,herbivore,NA,herbivore,FALSE
623,Oena capensis,NA,NA,herbivore,NA,herbivore,FALSE
632,Oriolus auratus,NA,NA,herbivore,NA,herbivore,FALSE
635,Ortygospiza atricollis,NA,NA,herbivore,NA,herbivore,FALSE
641,Ourebia ourebi,herbivore,herbivore,NA,NA,herbivore,FALSE
642,Oxyura maccoa,NA,NA,herbivore,NA,herbivore,FALSE
648,Papio cynocephalus,herbivore,herbivore,NA,NA,herbivore,FALSE
652,Passer domesticus,NA,NA,herbivore,NA,herbivore,FALSE
653,Passer eminibey,NA,NA,herbivore,NA,herbivore,FALSE
654,Passer gongonensis,NA,NA,herbivore,NA,herbivore,FALSE
655,Passer rufocinctus,NA,NA,herbivore,NA,herbivore,FALSE
656,Passer suahelicus,NA,NA,herbivore,NA,herbivore,FALSE
670,Phoeniconaias minor,NA,NA,herbivore,NA,herbivore,FALSE
693,Plectropterus gambensis,NA,NA,herbivore,NA,herbivore,FALSE
700,Ploceus jacksoni,NA,NA,herbivore,NA,herbivore,FALSE
704,Ploceus pelzelni,NA,NA,herbivore,NA,herbivore,FALSE
705,Ploceus rubiginosus,NA,NA,herbivore,NA,herbivore,FALSE
706,Ploceus spekei,NA,NA,herbivore,NA,herbivore,FALSE
713,Poeoptera kenricki,NA,NA,herbivore,NA,herbivore,FALSE
714,Pogoniulus leucomystax,NA,NA,herbivore,NA,herbivore,FALSE
715,Pogoniulus pusillus,NA,NA,herbivore,NA,herbivore,FALSE
717,Poicephalus gulielmi,NA,NA,herbivore,NA,herbivore,FALSE
718,Poicephalus meyeri,NA,NA,herbivore,NA,herbivore,FALSE
733,Porphyrio alleni,NA,NA,herbivore,NA,herbivore,FALSE
734,Porphyrio porphyrio,NA,NA,herbivore,NA,herbivore,FALSE
745,Procavia capensis,herbivore,herbivore,NA,NA,herbivore,FALSE
747,Pronolagus rupestris,herbivore,herbivore,NA,NA,herbivore,FALSE
753,Pseudalaemon fremantlii,NA,NA,herbivore,NA,herbivore,FALSE
761,Pterocles decoratus,NA,NA,herbivore,NA,herbivore,FALSE
762,Pterocles exustus,NA,NA,herbivore,NA,herbivore,FALSE
763,Pterocles gutturalis,NA,NA,herbivore,NA,herbivore,FALSE
773,Pycnonotus barbatus,NA,NA,herbivore,NA,herbivore,FALSE
775,Pytilia melba,NA,NA,herbivore,NA,herbivore,FALSE
777,Quelea cardinalis,NA,NA,herbivore,NA,herbivore,FALSE
778,Quelea erythrops,NA,NA,herbivore,NA,herbivore,FALSE
779,Quelea quelea,NA,NA,herbivore,NA,herbivore,FALSE
781,Raphicerus campestris,herbivore,herbivore,NA,NA,herbivore,FALSE
784,Redunca fulvorufula,herbivore,herbivore,NA,NA,herbivore,FALSE
801,Rousettus aegyptiacus,herbivore,herbivore,NA,NA,herbivore,FALSE
807,Sarkidiornis melanotos,NA,NA,herbivore,NA,herbivore,FALSE
820,Serinus atrogularis,NA,NA,herbivore,NA,herbivore,FALSE
821,Serinus buchanani,NA,NA,herbivore,NA,herbivore,FALSE
822,Serinus burtoni,NA,NA,herbivore,NA,herbivore,FALSE
823,Serinus citrinelloides,NA,NA,herbivore,NA,herbivore,FALSE
824,Serinus dorsostriatus,NA,NA,herbivore,NA,herbivore,FALSE
825,Serinus flavivertex,NA,NA,herbivore,NA,herbivore,FALSE
826,Serinus frontalis,NA,NA,herbivore,NA,herbivore,FALSE
827,Serinus hypostictus,NA,NA,herbivore,NA,herbivore,FALSE
828,Serinus mozambicus,NA,NA,herbivore,NA,herbivore,FALSE
829,Serinus reichardi,NA,NA,herbivore,NA,herbivore,FALSE
834,Sporopipes frontalis,NA,NA,herbivore,NA,herbivore,FALSE
837,Stigmatopelia senegalensis,NA,NA,herbivore,NA,herbivore,FALSE
839,Streptopelia capicola,NA,NA,herbivore,NA,herbivore,FALSE
840,Streptopelia decipiens,NA,NA,herbivore,NA,herbivore,FALSE
841,Streptopelia lugens,NA,NA,herbivore,NA,herbivore,FALSE
842,Streptopelia semitorquata,NA,NA,herbivore,NA,herbivore,FALSE
844,Struthio camelus,NA,NA,herbivore,NA,herbivore,FALSE
850,Sylvicapra grimmia,herbivore,herbivore,NA,NA,herbivore,FALSE
858,Tauraco hartlaubi,NA,NA,herbivore,NA,herbivore,FALSE
859,Tauraco schalowi,NA,NA,herbivore,NA,herbivore,FALSE
891,Thalassornis leuconotus,NA,NA,herbivore,NA,herbivore,FALSE
915,Tragelaphus strepsiceros,herbivore,herbivore,NA,NA,herbivore,FALSE
916,Treron calvus,NA,NA,herbivore,NA,herbivore,FALSE
918,Tricholaema lacrymosa,NA,NA,herbivore,NA,herbivore,FALSE
934,Turnix hottentottus,NA,NA,herbivore,NA,herbivore,FALSE
936,Turtur afer,NA,NA,herbivore,NA,herbivore,FALSE
937,Turtur chalcospilos,NA,NA,herbivore,NA,herbivore,FALSE
938,Turtur tympanistria,NA,NA,herbivore,NA,herbivore,FALSE
943,Uraeginthus bengalus,NA,NA,herbivore,NA,herbivore,FALSE
944,Uraeginthus cyanocephalus,NA,NA,herbivore,NA,herbivore,FALSE
945,Uraeginthus ianthinogaster,NA,NA,herbivore,NA,herbivore,FALSE
947,Urocolius macrourus,NA,NA,herbivore,NA,herbivore,FALSE
957,Vidua chalybeata,NA,NA,herbivore,NA,herbivore,FALSE
958,Vidua fischeri,NA,NA,herbivore,NA,herbivore,FALSE
959,Vidua hypocherina,NA,NA,herbivore,NA,herbivore,FALSE
960,Vidua macroura,NA,NA,herbivore,NA,herbivore,FALSE
961,Vidua paradisaea,NA,NA,herbivore,NA,herbivore,FALSE
970,Zosterops senegalensis,NA,NA,herbivore,NA,herbivore,FALSE
1,Acanthocercus atricollis,NA,NA,NA,NA,NA,NA
2,Acanthocercus cyanogaster,NA,NA,NA,NA,NA,NA
3,Acanthosphinx guessfeldti,NA,NA,NA,NA,NA,NA
11,Acherontia atropos,NA,NA,NA,NA,NA,NA
12,Aciagrion gracile,NA,NA,NA,NA,NA,NA
14,Acisoma panorpoides,NA,NA,NA,NA,NA,NA
15,Acomys wilsoni,NA,NA,NA,NA,NA,NA
25,Aethomys hindei,NA,NA,NA,NA,NA,NA
26,Aethomys kaiseri,NA,NA,NA,NA,NA,NA
27,Afrixalus quadrivittatus,NA,NA,NA,NA,NA,NA
28,Afrocarpus dawei,NA,NA,NA,NA,NA,NA
29,Afrocarpus gracilior,NA,NA,NA,NA,NA,NA
30,Afrocarpus usambarensis,NA,NA,NA,NA,NA,NA
31,Afroclanis neavi,NA,NA,NA,NA,NA,NA
32,Agama armata,NA,NA,NA,NA,NA,NA
33,Agama mwanzae,NA,NA,NA,NA,NA,NA
36,Agrius convolvuli,NA,NA,NA,NA,NA,NA
43,Amietophrynus garmani,NA,NA,NA,NA,NA,NA
55,Andriasa contraria,NA,NA,NA,NA,NA,NA
72,Antinephele achlora,NA,NA,NA,NA,NA,NA
73,Antinephele camerounensis,NA,NA,NA,NA,NA,NA
74,Antinephele lunulata,NA,NA,NA,NA,NA,NA
75,Antinephele marcida,NA,NA,NA,NA,NA,NA
84,Aparallactus jacksoni,NA,NA,NA,NA,NA,NA
106,Arvicanthis neumanni,NA,NA,NA,NA,NA,NA
107,Arvicanthis niloticus,NA,NA,NA,NA,NA,NA
109,Astatoreochromis alluaudi,NA,NA,NA,NA,NA,NA
110,Atemnora westermannii,NA,NA,NA,NA,NA,NA
111,Atractaspis microlepidota,NA,NA,NA,NA,NA,NA
115,Basiothia aureata,NA,NA,NA,NA,NA,NA
116,Basiothia charis,NA,NA,NA,NA,NA,NA
117,Basiothia medea,NA,NA,NA,NA,NA,NA
119,Batocnema africanus,NA,NA,NA,NA,NA,NA
121,Bitis arietans,NA,NA,NA,NA,NA,NA
145,Cacosternum plimptoni,NA,NA,NA,NA,NA,NA
152,Callosphingia circe,NA,NA,NA,NA,NA,NA
174,Centroctena imitans,NA,NA,NA,NA,NA,NA
177,Cephonodes hylas,NA,NA,NA,NA,NA,NA
179,Ceridia mira,NA,NA,NA,NA,NA,NA
182,Chaerephon bemmeleni,NA,NA,NA,NA,NA,NA
183,Chaerephon bivittatus,NA,NA,NA,NA,NA,NA
184,Chaerephon chapini,NA,NA,NA,NA,NA,NA
185,Chaerephon major,NA,NA,NA,NA,NA,NA
186,Chaerocina dohertyi,NA,NA,NA,NA,NA,NA
187,Chamaeleo dilepis,NA,NA,NA,NA,NA,NA
188,Chamaeleo rudis,NA,NA,NA,NA,NA,NA
196,Chiromantis petersii,NA,NA,NA,NA,NA,NA
201,Chloroclanis virescens,NA,NA,NA,NA,NA,NA
240,Coelonia fulvinotata,NA,NA,NA,NA,NA,NA
254,Cordylus beraduccii,NA,NA,NA,NA,NA,NA
272,Cricetomys gambianus,NA,NA,NA,NA,NA,NA
275,Crotaphopeltis hotamboelia,NA,NA,NA,NA,NA,NA
286,Daphnis nerii,NA,NA,NA,NA,NA,NA
287,Dasypeltis scabra,NA,NA,NA,NA,NA,NA
289,Dendroaspis polylepis,NA,NA,NA,NA,NA,NA
294,Dendromus mystacalis,NA,NA,NA,NA,NA,NA
301,Dispholidus typus,NA,NA,NA,NA,NA,NA
302,Dovania neumanni,NA,NA,NA,NA,NA,NA
304,Duberria lutrix,NA,NA,NA,NA,NA,NA
316,Equus quagga,NA,NA,NA,NA,NA,NA
329,Euchloron megaera,NA,NA,NA,NA,NA,NA
346,Falcatula falcatus,NA,NA,NA,NA,NA,NA
347,Falcatula svaricki,NA,NA,NA,NA,NA,NA
377,Geochelone pardalis,NA,NA,NA,NA,NA,NA
378,Gerbilliscus boehmi,NA,NA,NA,NA,NA,NA
379,Gerbillus harwoodi,NA,NA,NA,NA,NA,NA
380,Gerbillus pusillus,NA,NA,NA,NA,NA,NA
381,Gerrhosaurus nigrolineatus,NA,NA,NA,NA,NA,NA
389,Grammomys ibeanus,NA,NA,NA,NA,NA,NA
391,Graphiurus microtis,NA,NA,NA,NA,NA,NA
403,Hemidactylus brooki,NA,NA,NA,NA,NA,NA
404,Hemidactylus mabouia,NA,NA,NA,NA,NA,NA
405,Hemidactylus squamulatus,NA,NA,NA,NA,NA,NA
406,Hemirhagerrhis kelleri,NA,NA,NA,NA,NA,NA
412,Hildebrandtia ornata,NA,NA,NA,NA,NA,NA
420,Hipposideros vittatus,NA,NA,NA,NA,NA,NA
421,Hippotion aporodes,NA,NA,NA,NA,NA,NA
422,Hippotion balsaminae,NA,NA,NA,NA,NA,NA
423,Hippotion celerio,NA,NA,NA,NA,NA,NA
424,Hippotion eson,NA,NA,NA,NA,NA,NA
425,Hippotion gracilis,NA,NA,NA,NA,NA,NA
426,Hippotion irregularis,NA,NA,NA,NA,NA,NA
427,Hippotion moorei,NA,NA,NA,NA,NA,NA
428,Hippotion osiris,NA,NA,NA,NA,NA,NA
429,Hippotion rebeli,NA,NA,NA,NA,NA,NA
430,Hippotion rosae,NA,NA,NA,NA,NA,NA
431,Hippotion roseipennis,NA,NA,NA,NA,NA,NA
444,Hylarana galamensis,NA,NA,NA,NA,NA,NA
445,Hyles livornica,NA,NA,NA,NA,NA,NA
447,Hypaedalea butleri,NA,NA,NA,NA,NA,NA
449,Hyperolius glandicolor,NA,NA,NA,NA,NA,NA
450,Hyperolius kivuensis,NA,NA,NA,NA,NA,NA
460,Juniperus procera,NA,NA,NA,NA,NA,NA
462,Kassina senegalensis,NA,NA,NA,NA,NA,NA
464,Kerivoula argentata,NA,NA,NA,NA,NA,NA
465,Kinixys belliana,NA,NA,NA,NA,NA,NA
466,Kinixys spekii,NA,NA,NA,NA,NA,NA
471,Lamprophis fuliginosus,NA,NA,NA,NA,NA,NA
488,Latastia longicaudata,NA,NA,NA,NA,NA,NA
489,Lemniscomys rosalia,NA,NA,NA,NA,NA,NA
490,Lemniscomys striatus,NA,NA,NA,NA,NA,NA
491,Leptopelis bocagii,NA,NA,NA,NA,NA,NA
493,Leptotyphlops scutifrons,NA,NA,NA,NA,NA,NA
494,Lestes ochraceus,NA,NA,NA,NA,NA,NA
495,Lestes pinheyi,NA,NA,NA,NA,NA,NA
496,Leucophlebia xanthopis,NA,NA,NA,NA,NA,NA
497,Leucostrophus alterhirundo,NA,NA,NA,NA,NA,NA
498,Likoma apicalis,NA,NA,NA,NA,NA,NA
499,Likoma crenata,NA,NA,NA,NA,NA,NA
501,Litosphingia corticea,NA,NA,NA,NA,NA,NA
508,Lophostethus dumolinii,NA,NA,NA,NA,NA,NA
509,Lophuromys sikapusi,NA,NA,NA,NA,NA,NA
515,Lygodactylus angolensis,NA,NA,NA,NA,NA,NA
516,Lygodactylus capensis,NA,NA,NA,NA,NA,NA
517,Lygodactylus manni,NA,NA,NA,NA,NA,NA
518,Lygosoma afrum,NA,NA,NA,NA,NA,NA
519,Lygosoma sundevalli,NA,NA,NA,NA,NA,NA
520,Mabuya brevicollis,NA,NA,NA,NA,NA,NA
521,Mabuya striata,NA,NA,NA,NA,NA,NA
522,Mabuya varia,NA,NA,NA,NA,NA,NA
524,Macroglossum trochilus,NA,NA,NA,NA,NA,NA
528,Macropoliana ferax,NA,NA,NA,NA,NA,NA
529,Macropoliana natalensis,NA,NA,NA,NA,NA,NA
531,Malacochersus tornieri,NA,NA,NA,NA,NA,NA
534,Mastomys pernanus,NA,NA,NA,NA,NA,NA
546,Mertensophryne taitana,NA,NA,NA,NA,NA,NA
549,Microclanis erlangeri,NA,NA,NA,NA,NA,NA
564,Mus triton,NA,NA,NA,NA,NA,NA
570,Myomyscus brockmani,NA,NA,NA,NA,NA,NA
573,Naja haje,NA,NA,NA,NA,NA,NA
574,Naja nigricollis,NA,NA,NA,NA,NA,NA
591,Neoclanis basalis,NA,NA,NA,NA,NA,NA
593,Neopolyptychus compar,NA,NA,NA,NA,NA,NA
594,Neopolyptychus convexus,NA,NA,NA,NA,NA,NA
595,Neopolyptychus pygarga,NA,NA,NA,NA,NA,NA
596,Neoromicia nana,NA,NA,NA,NA,NA,NA
597,Neoromicia tenuipinnis,NA,NA,NA,NA,NA,NA
599,Nephele accentifera,NA,NA,NA,NA,NA,NA
600,Nephele argentifera,NA,NA,NA,NA,NA,NA
601,Nephele bipartita,NA,NA,NA,NA,NA,NA
602,Nephele comma,NA,NA,NA,NA,NA,NA
603,Nephele discifera,NA,NA,NA,NA,NA,NA
604,Nephele funebris,NA,NA,NA,NA,NA,NA
605,Nephele monostigma,NA,NA,NA,NA,NA,NA
606,Nephele oenopion,NA,NA,NA,NA,NA,NA
607,Nephele peneus,NA,NA,NA,NA,NA,NA
608,Nephele rectangulata,NA,NA,NA,NA,NA,NA
609,Nephele vau,NA,NA,NA,NA,NA,NA
610,Nephele xylina,NA,NA,NA,NA,NA,NA
615,Nucrus boulengeri,NA,NA,NA,NA,NA,NA
619,Nycteris arge,NA,NA,NA,NA,NA,NA
620,Nycteris hispida,NA,NA,NA,NA,NA,NA
631,Onychogomphus nigrotibialis,NA,NA,NA,NA,NA,NA
636,Oryx beisa,NA,NA,NA,NA,NA,NA
643,Pachydactylus turneri,NA,NA,NA,NA,NA,NA
647,Pantophaea favillacea,NA,NA,NA,NA,NA,NA
649,Paraxerus ochraceus,NA,NA,NA,NA,NA,NA
657,Pedetes surdaster,NA,NA,NA,NA,NA,NA
660,Pelomedusa subrufa,NA,NA,NA,NA,NA,NA
661,Pelomys fallax,NA,NA,NA,NA,NA,NA
668,Philothamnus battersbyi,NA,NA,NA,NA,NA,NA
669,Philothamnus semivariegatus,NA,NA,NA,NA,NA,NA
674,Phrynobatrachus acridoides,NA,NA,NA,NA,NA,NA
675,Phrynobatrachus bullans,NA,NA,NA,NA,NA,NA
676,Phrynobatrachus mababiensis,NA,NA,NA,NA,NA,NA
677,Phrynobatrachus natalensis,NA,NA,NA,NA,NA,NA
685,Phylloxiphia punctum,NA,NA,NA,NA,NA,NA
686,Pipistrellus hesperidus,NA,NA,NA,NA,NA,NA
690,Platysphinx piabilis,NA,NA,NA,NA,NA,NA
712,Podocarpus milanjianus,NA,NA,NA,NA,NA,NA
721,Poliana buchholzi,NA,NA,NA,NA,NA,NA
722,Poliana micra,NA,NA,NA,NA,NA,NA
723,Poliana wintgensi,NA,NA,NA,NA,NA,NA
726,Polyptychopsis marshalli,NA,NA,NA,NA,NA,NA
727,Polyptychus baxteri,NA,NA,NA,NA,NA,NA
728,Polyptychus coryndoni,NA,NA,NA,NA,NA,NA
729,Polyptychus erosus,NA,NA,NA,NA,NA,NA
730,Polyptychus grayii,NA,NA,NA,NA,NA,NA
731,Polyptychus niloticus,NA,NA,NA,NA,NA,NA
732,Polyptychus retusus,NA,NA,NA,NA,NA,NA
737,Poyntonophrynus parkeri,NA,NA,NA,NA,NA,NA
738,Praedora leucophaea,NA,NA,NA,NA,NA,NA
739,Praedora plagiata,NA,NA,NA,NA,NA,NA
740,Praedora puchneri,NA,NA,NA,NA,NA,NA
741,Praedora tropicalis,NA,NA,NA,NA,NA,NA
750,Psammophis angolensis,NA,NA,NA,NA,NA,NA
751,Psammophis mossambicus,NA,NA,NA,NA,NA,NA
752,Psammophis sudenensis,NA,NA,NA,NA,NA,NA
756,Pseudoclanis diana,NA,NA,NA,NA,NA,NA
757,Pseudoclanis molitor,NA,NA,NA,NA,NA,NA
758,Pseudoclanis occidentalis,NA,NA,NA,NA,NA,NA
759,Pseudoclanis postica,NA,NA,NA,NA,NA,NA
766,Ptychadena mossambica,NA,NA,NA,NA,NA,NA
767,Ptychadena nilotica,NA,NA,NA,NA,NA,NA
769,Ptychadena porosissima,NA,NA,NA,NA,NA,NA
771,Ptychadena stenocephala,NA,NA,NA,NA,NA,NA
774,Python natalensis,NA,NA,NA,NA,NA,NA
786,Rhampiophis rostratus,NA,NA,NA,NA,NA,NA
787,Rhinolophus darlingi,NA,NA,NA,NA,NA,NA
793,Rhinotyphlops mucruso,NA,NA,NA,NA,NA,NA
794,Rhipsalis baccifera,NA,NA,NA,NA,NA,NA
795,Rhodafra marshalli,NA,NA,NA,NA,NA,NA
802,Rufoclanis fulgurans,NA,NA,NA,NA,NA,NA
803,Rufoclanis numosae,NA,NA,NA,NA,NA,NA
813,Schismaderma carens,NA,NA,NA,NA,NA,NA
816,Sclerophrys pusilla,NA,NA,NA,NA,NA,NA
818,Scotoecus hirundo,NA,NA,NA,NA,NA,NA
832,Sphingonaepiopsis ansorgei,NA,NA,NA,NA,NA,NA
833,Sphingonaepiopsis nana,NA,NA,NA,NA,NA,NA
838,Stigmochelys pardalis,NA,NA,NA,NA,NA,NA
856,Tachyoryctes splendens,NA,NA,NA,NA,NA,NA
857,Taterillus emini,NA,NA,NA,NA,NA,NA
863,Telescopus semiannulatus,NA,NA,NA,NA,NA,NA
866,Temnora albilinea,NA,NA,NA,NA,NA,NA
867,Temnora atrofasciata,NA,NA,NA,NA,NA,NA
868,Temnora camerounensis,NA,NA,NA,NA,NA,NA
869,Temnora crenulata,NA,NA,NA,NA,NA,NA
870,Temnora elegans,NA,NA,NA,NA,NA,NA
871,Temnora elisabethae,NA,NA,NA,NA,NA,NA
872,Temnora eranga,NA,NA,NA,NA,NA,NA
873,Temnora fumosa,NA,NA,NA,NA,NA,NA
874,Temnora funebris,NA,NA,NA,NA,NA,NA
875,Temnora griseata,NA,NA,NA,NA,NA,NA
876,Temnora iapygoides,NA,NA,NA,NA,NA,NA
877,Temnora livida,NA,NA,NA,NA,NA,NA
878,Temnora marginata,NA,NA,NA,NA,NA,NA
879,Temnora mirabilis,NA,NA,NA,NA,NA,NA
880,Temnora natalis,NA,NA,NA,NA,NA,NA
881,Temnora plagiata,NA,NA,NA,NA,NA,NA
882,Temnora pseudopylas,NA,NA,NA,NA,NA,NA
883,Temnora pylades,NA,NA,NA,NA,NA,NA
884,Temnora radiata,NA,NA,NA,NA,NA,NA
885,Temnora scheveni,NA,NA,NA,NA,NA,NA
886,Temnora subapicalis,NA,NA,NA,NA,NA,NA
887,Temnora trapezoidea,NA,NA,NA,NA,NA,NA
888,Temnora zantus,NA,NA,NA,NA,NA,NA
892,Thallomys loringi,NA,NA,NA,NA,NA,NA
893,Thallomys paedulcus,NA,NA,NA,NA,NA,NA
894,Theretra capensis,NA,NA,NA,NA,NA,NA
895,Theretra jugurtha,NA,NA,NA,NA,NA,NA
896,Theretra monteironis,NA,NA,NA,NA,NA,NA
897,Theretra orpheus,NA,NA,NA,NA,NA,NA
898,Thermochoria jeanneli,NA,NA,NA,NA,NA,NA
907,Tomopterna cryptotis,NA,NA,NA,NA,NA,NA
914,Tragelaphus oryx,NA,NA,NA,NA,NA,NA
939,Typhlops lineolatus,NA,NA,NA,NA,NA,NA
946,Uranomys ruddi,NA,NA,NA,NA,NA,NA
962,Xanthopan morganii,NA,NA,NA,NA,NA,NA
963,Xenopus borealis,NA,NA,NA,NA,NA,NA
21,Actitis hypoleucos,NA,NA,omnivore,NA,omnivore,FALSE
41,Amaurornis flavirostra,NA,NA,omnivore,NA,omnivore,FALSE
42,Amblyospiza albifrons,NA,NA,omnivore,NA,omnivore,FALSE
46,Anas capensis,NA,NA,omnivore,NA,omnivore,FALSE
51,Anas querquedula,NA,NA,omnivore,NA,omnivore,FALSE
52,Anas sparsa,NA,NA,omnivore,NA,omnivore,FALSE
56,Andropadus latirostris,NA,NA,omnivore,NA,omnivore,FALSE
57,Andropadus milanjensis,NA,NA,omnivore,NA,omnivore,FALSE
104,Ardeotis kori,NA,NA,omnivore,NA,omnivore,FALSE
114,Balearica regulorum,NA,NA,omnivore,NA,omnivore,FALSE
162,Canis aureus,omnivore,omnivore,NA,NA,omnivore,FALSE
163,Canis mesomelas,omnivore,omnivore,NA,NA,omnivore,FALSE
176,Centropus superciliosus,NA,NA,omnivore,NA,omnivore,FALSE
200,Chlorocichla flaviventris,NA,NA,omnivore,NA,omnivore,FALSE
250,Coracias caudatus,NA,NA,omnivore,NA,omnivore,FALSE
252,Coracias naevia,NA,NA,omnivore,NA,omnivore,FALSE
257,Corvus capensis,NA,NA,omnivore,NA,omnivore,FALSE
270,Crecopsis egregia,NA,NA,omnivore,NA,omnivore,FALSE
271,Crex crex,NA,NA,omnivore,NA,omnivore,FALSE
274,Crocidura hirta,omnivore,omnivore,NA,NA,omnivore,FALSE
303,Dryoscopus cubla,NA,NA,omnivore,NA,omnivore,FALSE
308,Elephantulus rufescens,omnivore,omnivore,NA,NA,omnivore,FALSE
320,Eremopterix leucotis,NA,NA,omnivore,NA,omnivore,FALSE
321,Erythrocebus patas,omnivore,omnivore,NA,NA,omnivore,FALSE
333,Euplectes ardens,NA,NA,omnivore,NA,omnivore,FALSE
336,Euplectes gierowii,NA,NA,omnivore,NA,omnivore,FALSE
339,Euplectes orix,NA,NA,omnivore,NA,omnivore,FALSE
341,Eupodotis hartlaubii,NA,NA,omnivore,NA,omnivore,FALSE
343,Eupodotis senegalensis,NA,NA,omnivore,NA,omnivore,FALSE
355,Falco eleonorae,NA,NA,omnivore,NA,omnivore,FALSE
376,Gallinula chloropus,NA,NA,omnivore,NA,omnivore,FALSE
390,Graphiurus kelleni,omnivore,omnivore,NA,NA,omnivore,FALSE
392,Graphiurus murinus,omnivore,omnivore,NA,NA,omnivore,FALSE
393,Guttera pucherani,NA,NA,omnivore,NA,omnivore,FALSE
418,Hippopotamus amphibius,omnivore,omnivore,NA,NA,omnivore,FALSE
441,Histurgops ruficaudus,NA,NA,omnivore,NA,omnivore,FALSE
452,Hystrix cristata,omnivore,omnivore,NA,NA,omnivore,FALSE
472,Lamprotornis chalybaeus,NA,NA,omnivore,NA,omnivore,FALSE
476,Laniarius aethiopicus,NA,NA,omnivore,NA,omnivore,FALSE
479,Lanius cabanisi,NA,NA,omnivore,NA,omnivore,FALSE
511,Lybius bidentatus,NA,NA,omnivore,NA,omnivore,FALSE
512,Lybius guifsobalito,NA,NA,omnivore,NA,omnivore,FALSE
553,Mirafra albicauda,NA,NA,omnivore,NA,omnivore,FALSE
555,Mirafra cantillans,NA,NA,omnivore,NA,omnivore,FALSE
578,Nectarinia amethystina,NA,NA,omnivore,NA,omnivore,FALSE
579,Nectarinia bifasciata,NA,NA,omnivore,NA,omnivore,FALSE
580,Nectarinia erythrocerca,NA,NA,omnivore,NA,omnivore,FALSE
581,Nectarinia famosa,NA,NA,omnivore,NA,omnivore,FALSE
582,Nectarinia kilimensis,NA,NA,omnivore,NA,omnivore,FALSE
584,Nectarinia mediocris,NA,NA,omnivore,NA,omnivore,FALSE
585,Nectarinia pulchella,NA,NA,omnivore,NA,omnivore,FALSE
587,Nectarinia senegalensis,NA,NA,omnivore,NA,omnivore,FALSE
588,Nectarinia tacazze,NA,NA,omnivore,NA,omnivore,FALSE
589,Nectarinia venusta,NA,NA,omnivore,NA,omnivore,FALSE
590,Nectarinia verticalis,NA,NA,omnivore,NA,omnivore,FALSE
598,Neotis denhami,NA,NA,omnivore,NA,omnivore,FALSE
613,Nigrita canicapillus,NA,NA,omnivore,NA,omnivore,FALSE
616,Numenius arquata,NA,NA,omnivore,NA,omnivore,FALSE
629,Onychognathus morio,NA,NA,omnivore,NA,omnivore,FALSE
630,Onychognathus walleri,NA,NA,omnivore,NA,omnivore,FALSE
633,Oriolus larvatus,NA,NA,omnivore,NA,omnivore,FALSE
634,Oriolus oriolus,NA,NA,omnivore,NA,omnivore,FALSE
638,Otolemur crassicaudatus,omnivore,omnivore,NA,NA,omnivore,FALSE
663,Petronia pyrgita,NA,NA,omnivore,NA,omnivore,FALSE
666,Philantomba monticola,omnivore,omnivore,NA,NA,omnivore,FALSE
667,Philomachus pugnax,NA,NA,omnivore,NA,omnivore,FALSE
671,Phoenicopterus roseus,NA,NA,omnivore,NA,omnivore,FALSE
681,Phyllastrephus strepitans,NA,NA,omnivore,NA,omnivore,FALSE
689,Platalea alba,NA,NA,omnivore,NA,omnivore,FALSE
695,Plocepasser mahali,NA,NA,omnivore,NA,omnivore,FALSE
697,Ploceus cucullatus,NA,NA,omnivore,NA,omnivore,FALSE
701,Ploceus melanocephalus,NA,NA,omnivore,NA,omnivore,FALSE
707,Ploceus vitellinus,NA,NA,omnivore,NA,omnivore,FALSE
708,Ploceus xanthops,NA,NA,omnivore,NA,omnivore,FALSE
719,Poicephalus rufiventris,NA,NA,omnivore,NA,omnivore,FALSE
735,Porzana porzana,NA,NA,omnivore,NA,omnivore,FALSE
760,Pseudonigrita arnaudi,NA,NA,omnivore,NA,omnivore,FALSE
780,Rallus caerulescens,NA,NA,omnivore,NA,omnivore,FALSE
782,Rattus rattus,omnivore,omnivore,NA,NA,omnivore,FALSE
785,Rhabdomys pumilio,omnivore,omnivore,NA,NA,omnivore,FALSE
805,Saccostomus mearnsi,omnivore,omnivore,NA,NA,omnivore,FALSE
830,Serinus striolatus,NA,NA,omnivore,NA,omnivore,FALSE
836,Sterna nilotica,NA,NA,omnivore,NA,omnivore,FALSE
845,Sylvia atricapilla,NA,NA,omnivore,NA,omnivore,FALSE
846,Sylvia boehmi,NA,NA,omnivore,NA,omnivore,FALSE
847,Sylvia borin,NA,NA,omnivore,NA,omnivore,FALSE
902,Tockus alboterminatus,NA,NA,omnivore,NA,omnivore,FALSE
903,Tockus deckeni,NA,NA,omnivore,NA,omnivore,FALSE
904,Tockus erythrorhynchus,NA,NA,omnivore,NA,omnivore,FALSE
910,Trachyphonus darnaudii,NA,NA,omnivore,NA,omnivore,FALSE
911,Trachyphonus erythrocephalus,NA,NA,omnivore,NA,omnivore,FALSE
912,Trachyphonus usambiro,NA,NA,omnivore,NA,omnivore,FALSE
913,Trachyphonus vaillantii,NA,NA,omnivore,NA,omnivore,FALSE
917,Tricholaema diademata,NA,NA,omnivore,NA,omnivore,FALSE
928,Turdoides hypoleuca,NA,NA,omnivore,NA,omnivore,FALSE
933,Turdus olivaceus,NA,NA,omnivore,NA,omnivore,FALSE
966,Xerus rutilus,omnivore,omnivore,NA,NA,omnivore,FALSE
968,Zoothera piaggiae,NA,NA,omnivore,NA,omnivore,FALSE
