Scientific Name,Common Name,Family,Taxonomic Group
Cuculus poliocephalus,Lesser Cuckoo,Cuculidae,Birds
Indicator variegatus,Scaly-Throated Honeyguide,Indicatoridae,Birds
Indicator minor,Lesser Honeyguide,Indicatoridae,Birds
Indicator indicator,Greater Honeyguide,Indicatoridae,Birds
Indicator meliphilus,Eastern Least Honeyguide,Indicatoridae,Birds
Lybius leucocephalus,White-Headed Barbet,Ramphastidae,Birds
Trachyphonus usambiro,Usambiro Barbet,Ramphastidae,Birds
Trachyphonus darnaudii,Usambiro Barbet,Ramphastidae,Birds
Tricholaema lacrymosa,Spot-Flanked Barbet,Ramphastidae,Birds
Pogoniulus pusillus,Red-Fronted Tinkerbird,Ramphastidae,Birds
Tricholaema diademata,Red-Fronted Barbet,Ramphastidae,Birds
Trachyphonus erythrocephalus,Red-And-Yellow Barbet,Ramphastidae,Birds
Pogoniulus leucomystax,Moustached Tinkerbird,Ramphastidae,Birds
Trachyphonus vaillantii,Levaillant's Barbet,Ramphastidae,Birds
Lybius bidentatus,Double-Toothed Barbet,Ramphastidae,Birds
Tricholaema melanocephala,Black-Throated Barbet,Ramphastidae,Birds
Lybius guifsobalito,Black-Billed Barbet,Ramphastidae,Birds
Coracias naevia,Rufous-Crowned Roller,Coraciidae,Birds
Coracias garrulus,Roller,Coraciidae,Birds
Coracias caudatus,Lilac Breasted Roller,Coraciidae,Birds
Eurystomus glaucurus,Broad-Billed Roller,Coraciidae,Birds
Merops albicollis,White-Throated Bee-Eater,Meropidae,Birds
Merops superciliosus,Madagascar Bee-Eater,Meropidae,Birds
Merops pusillus,Little Bee-Eater,Meropidae,Birds
Merops oreobates,Cinnamon-Chested Bee-Eater,Meropidae,Birds
Merops persicus,Blue-Cheeked Bee-Eater,Meropidae,Birds
Halcyon senegalensis,Woodland Kingfisher,Alcedinidae,Birds
Halcyon chelicuti,Striped Kingfisher,Alcedinidae,Birds
Ceryle rudis,Pied Kingfisher,Alcedinidae,Birds
Alcedo cristata,Malachite Kingfisher,Alcedinidae,Birds
Halcyon leucocephala,Grey-Headed Kingfisher,Alcedinidae,Birds
Megaceryle maxima,Giant Kingfisher,Alcedinidae,Birds
Ceyx pictus,African Pygmy Kingfisher,Alcedinidae,Birds
Tockus deckeni,Von Der Decken's Hornbill,Bucerotidae,Birds
Bycanistes bucinator,Trumpeter Hornbill,Bucerotidae,Birds
Bycanistes brevis,Silvery Cheeked Hornbill,Bucerotidae,Birds
Tockus erythrorhynchus,Red-Billed Hornbill,Bucerotidae,Birds
Tockus flavirostris,Eastern Yellow Billed Hornbill,Bucerotidae,Birds
Tockus alboterminatus,Crowned Hornbill,Bucerotidae,Birds
Bycanistes subcylindricus,Black And White Casqued Hornbill,Bucerotidae,Birds
Tockus nasutus,African Grey Hornbill,Bucerotidae,Birds
Bucorvus cafer,Southern Ground-Hornbill,Bucorvidae,Birds
Phoeniculus bollei,White-Headed Woodhoopoe,Phoeniculidae,Birds
Phoeniculus purpureus,Green Woodhoopoe,Phoeniculidae,Birds
Rhinopomastus cyanomelas,Common Scimitar-Bill,Phoeniculidae,Birds
Rhinopomastus minor,Abyssinian Scimitar-Bill,Phoeniculidae,Birds
Upupa epops,Hoopoe,Upupidae,Birds
Apaloderma narina,Narina Trogon,Trogonidae,Birds
Apaloderma vittatum,Bar-Tailed Trogon,Trogonidae,Birds
Colius leucocephalus,White-Headed Mousebird,Coliidae,Birds
Colius striatus,Speckled Mousebird,Coliidae,Birds
Urocolius macrourus,Blue-Naped Mousebird,Coliidae,Birds
Apus caffer,White-Rumped Swift,Apodidae,Birds
Schoutedenapus myoptilus,Scarce Swift,Apodidae,Birds
Apus niansae,Nyanza Swift,Apodidae,Birds
Tachymarptis aequatorialis,Mottled Swift,Apodidae,Birds
Apus toulsoni,Loanda Swift,Apodidae,Birds
Apus affinis,Little Swift,Apodidae,Birds
Apus horus,Horus Swift,Apodidae,Birds
Apus apus,Common Swift,Apodidae,Birds
Tachymarptis melba,Alpine Swift,Apodidae,Birds
Apus barbatus,African Swift,Apodidae,Birds
Cypsiurus parvus,African Palm-Swift,Apodidae,Birds
Caprimulgus fraenatus,Sombre Nightjar,Caprimulgidae,Birds
Caprimulgus clarus,Slender Tailed Nightjar,Caprimulgidae,Birds
Caprimulgus inornatus,Plain Nightjar,Caprimulgidae,Birds
Caprimulgus poliocephalus,Montane Nightjar,Caprimulgidae,Birds
Caprimulgus fossii,Gaboon Nightjar,Caprimulgidae,Birds
Caprimulgus tristigma,Freckled Nightjar,Caprimulgidae,Birds
Caprimulgus europaeus,European Nightjar,Caprimulgidae,Birds
Caprimulgus donaldsoni,Donaldson-Smith's Nightjar,Caprimulgidae,Birds
Otus leucotis,White-Faced Scops-Owl,Strigidae,Birds
Bubo lacteus,Verreaux's Eagle-Owl,Strigidae,Birds
Bubo africanus,Spotted Eagle-Owl,Strigidae,Birds
Ptilopsis granti,Southern White-Faced Owl,Strigidae,Birds
Scotopelia peli,Pel's Fishing-Owl,Strigidae,Birds
Glaucidium perlatum,Pearl-Spotted Owlet,Strigidae,Birds
Asio capensis,Marsh Owl,Strigidae,Birds
Glaucidium capense,Ituri Owlet,Strigidae,Birds
Bubo capensis,Cape Eagle-Owl,Strigidae,Birds
Strix woodfordii,African Wood-Owl,Strigidae,Birds
Otus senegalensis,African Scops Owl,Strigidae,Birds
Tyto alba,Barn Owl,Tytonidae,Birds
Tyto capensis,Austalasian Grass-Owl,Tytonidae,Birds
Cuculus solitarius,Red-Chested Cuckoo,Cuculidae,Birds
Cuculus rochii,Madagascar Cuckoo,Cuculidae,Birds
Clamator levaillantii,Levaillant's Cuckoo,Cuculidae,Birds
Chrysococcyx klaas,Klaas' Cuckoo,Cuculidae,Birds
Clamator glandarius,Great Spotted Cuckoo,Cuculidae,Birds
Chrysococcyx caprius,Dideric Cuckoo,Cuculidae,Birds
Cuculus canorus,Common Cuckoo,Cuculidae,Birds
Centropus superciliosus,Burchell's Coucal,Cuculidae,Birds
Cuculus clamosus,Black Cuckoo,Cuculidae,Birds
Centropus grillii,Black Coucal,Cuculidae,Birds
Clamator jacobinus,Black-And-White Cuckoo,Cuculidae,Birds
Chrysococcyx cupreus,African Emerald Cuckoo,Cuculidae,Birds
Cuculus gularis,African Cuckoo,Cuculidae,Birds
Corythaixoides leucogaster,White-Bellied Go-Away-Bird,Musophagidae,Birds
Tauraco schalowi,Schalow's Turaco,Musophagidae,Birds
Musophaga rossae,Ross' Turaco,Musophagidae,Birds
Tauraco hartlaubi,Hartlaub's Turaco,Musophagidae,Birds
Crinifer zonurus,Eastern Grey Plantain-Eater,Musophagidae,Birds
Corythaixoides personatus,Bare-Faced Go-Away-Bird,Musophagidae,Birds
Turtur tympanistria,Tambourine Dove,Columbidae,Birds
Columba guinea,Speckled Pigeon,Columbidae,Birds
Columba livia,Rock Dove,Columbidae,Birds
Streptopelia capicola,Ring-Necked Dove,Columbidae,Birds
Streptopelia semitorquata,Red-Eyed Dove,Columbidae,Birds
Oena capensis,Namaqua Dove,Columbidae,Birds
Streptopelia decipiens,Mourning Collared-Dove,Columbidae,Birds
Stigmatopelia senegalensis,Laughing Dove,Columbidae,Birds
Turtur chalcospilos,Emerald-Spotted Wood-Dove,Columbidae,Birds
Streptopelia lugens,Dusky Turtle-Dove,Columbidae,Birds
Columba delegorguei,Delegorgue's Pigeon,Columbidae,Birds
Turtur afer,Blue-Spotted Wood-Dove,Columbidae,Birds
Columba arquatrix,African Pigeon,Columbidae,Birds
Treron calvus,African Green Pigeon,Columbidae,Birds
Pterocles gutturalis,Yellow-Throated Sandgrouse,Pteroclididae,Birds
Pterocles exustus,Chestnut-Bellied Sandgrouse,Pteroclididae,Birds
Pterocles decoratus,Black-Faced Sandgrouse,Pteroclididae,Birds
Chlidonias leucopterus,White-Winged Black Tern,Laridae,Birds
Chlidonias hybrida,Whiskered Tern,Laridae,Birds
Sterna nilotica,Gull-Billed Tern,Laridae,Birds
Larus cirrocephalus,Grey-Headed Gull,Laridae,Birds
Larus ridibundus,Common Black-Headed Gull,Laridae,Birds
Rynchops flavirostris,African Skimmer,Laridae,Birds
Rhinoptilus cinctus,Three-Banded Courser,Glareolidae,Birds
Cursorius temminckii,Temminck's Courser,Glareolidae,Birds
Glareola ocularis,Madagascar Pratincole,Glareolidae,Birds
Rhinoptilus africanus,Double-Banded Courser,Glareolidae,Birds
Glareola pratincola,Collared Pratincole,Glareolidae,Birds
Rhinoptilus chalcopterus,Bronze-Winged Courser,Glareolidae,Birds
Turnix sylvaticus,Small Buttonquail,Turnicidae,Birds
Turnix hottentottus,Hottentot Buttonquail,Turnicidae,Birds
Tringa glareola,Wood Sandpiper,Scolopacidae,Birds
Numenius phaeopus,Whimbrel,Scolopacidae,Birds
Calidris temminckii,Temminck's Stint,Scolopacidae,Birds
Tringa erythropus,Spotted Redshank,Scolopacidae,Birds
Calidris alba,Sanderling,Scolopacidae,Birds
Philomachus pugnax,Ruff,Scolopacidae,Birds
Arenaria interpres,Ruddy Turnstone,Scolopacidae,Birds
Tringa stagnatilis,Marsh Sandpiper,Scolopacidae,Birds
Calidris minuta,Little Stint,Scolopacidae,Birds
Tringa nebularia,Greenshank,Scolopacidae,Birds
Tringa ochropus,Green Sandpiper,Scolopacidae,Birds
Gallinago media,Great Snipe,Scolopacidae,Birds
Numenius arquata,Eurasian Curlew,Scolopacidae,Birds
Calidris ferruginea,Curlew Sandpiper,Scolopacidae,Birds
Gallinago gallinago,Common Snipe,Scolopacidae,Birds
Actitis hypoleucos,Common Sandpiper,Scolopacidae,Birds
Tringa totanus,Common Redshank,Scolopacidae,Birds
Limosa limosa,Black-Tailed Godwit,Scolopacidae,Birds
Gallinago nigripennis,African Snipe,Scolopacidae,Birds
Microparra capensis,Lesser Jacana,Jacanidae,Birds
Actophilornis africanus,African Jacana,Jacanidae,Birds
Rostratula benghalensis,Painted-Snipe,Rostratulidae,Birds
Charadrius marginatus,White-Fronted Plover,Charadriidae,Birds
Charadrius tricollaris,Three-Banded Plover,Charadriidae,Birds
Vanellus spinosus,Spur-Winged Plover,Charadriidae,Birds
Vanellus senegallus,Senegal Wattled Plover,Charadriidae,Birds
Vanellus lugubris,Senegal Lapwing,Charadriidae,Birds
Vanellus crassirostris,Long-Toed Lapwing,Charadriidae,Birds
Charadrius dubius,Little Ringed Plover,Charadriidae,Birds
Charadrius pecuarius,Kittlitz's Plover,Charadriidae,Birds
Pluvialis squatarola,Grey Plover,Charadriidae,Birds
Vanellus coronatus,Crowned Lapwing,Charadriidae,Birds
Charadrius hiaticula,Common Ringed Plover,Charadriidae,Birds
Charadrius pallidus,Chestnut-Banded Plover,Charadriidae,Birds
Charadrius asiaticus,Caspian Plover,Charadriidae,Birds
Vanellus superciliosus,Brown-Chested Lapwing,Charadriidae,Birds
Vanellus melanopterus,Black-Winged Lapwing,Charadriidae,Birds
Vanellus armatus,Blacksmith Plover,Charadriidae,Birds
Recurvirostra avosetta,Pied Avocet,Recurvirostridae,Birds
Himantopus himantopus,Black-Winged Stilt,Recurvirostridae,Birds
Burhinus vermiculatus,Water Dikkop,Burhinidae,Birds
Burhinus capensis,Spotted Thick-Knee,Burhinidae,Birds
Balearica regulorum,Grey Crowned-Crane,Gruidae,Birds
Aenigmatolimnas marginalis,Striped Crake,Rallidae,Birds
Porzana porzana,Spotted Crake,Rallidae,Birds
Fulica cristata,Red-Knobbed Coot,Rallidae,Birds
Sarothrura rufa,Red-Chested Flufftail,Rallidae,Birds
Porphyrio porphyrio,Purple Swamphen,Rallidae,Birds
Gallinula angulata,Lesser Moorhen,Rallidae,Birds
Rallus caerulescens,Kaffir Rail,Rallidae,Birds
Crex crex,Corncrake,Rallidae,Birds
Gallinula chloropus,Common Moorhen,Rallidae,Birds
Sarothrura affinis,Chestnut-Tailed Crake,Rallidae,Birds
Sarothrura elegans,Buff-Spotted Flufftail,Rallidae,Birds
Amaurornis flavirostra,Black Crake,Rallidae,Birds
Porzana pusilla,Baillon's Crake,Rallidae,Birds
Porphyrio alleni,Allen's Gallinule,Rallidae,Birds
Crecopsis egregia,African Crake,Rallidae,Birds
Eupodotis senegalensis,White-Bellied Bustard,Otididae,Birds
Neotis denhami,Stanley Bustard,Otididae,Birds
Ardeotis kori,Kori Bustard,Otididae,Birds
Eupodotis hartlaubii,Hartlaub's Bustard,Otididae,Birds
Eupodotis gindiana,Buff-Crested Bustard,Otididae,Birds
Eupodotis melanogaster,Black-Bellied Bustard,Otididae,Birds
Trigonoceps occipitalis,White-Headed Vulture,Accipitridae,Birds
Aquila wahlbergi,Wahlberg's Eagle,Accipitridae,Birds
Aquila rapax,Tawny Eagle,Accipitridae,Birds
Aquila nipalensis,Steppe Eagle,Accipitridae,Birds
Circaetus cinerascens,Smaller Banded Snake-Eagle,Accipitridae,Birds
Accipiter badius,Shikra,Accipitridae,Birds
Sagittarius serpentarius,Secretarybird,Accipitridae,Birds
Accipiter rufiventris,Rufous-Breasted Sparrowhawk,Accipitridae,Birds
Gyps rueppellii,Rueppell's Vulture,Accipitridae,Birds
Gypohierax angolensis,Palm-Nut Vulture,Accipitridae,Birds
Circus macrourus,Pallid Harrier,Accipitridae,Birds
Accipiter ovampensis,Ovampo Sparrowhawk,Accipitridae,Birds
Pandion haliaetus,Osprey,Accipitridae,Birds
Buteo oreophilus,Mountain Buzzard,Accipitridae,Birds
Circus pygargus,Montagu's Harrier,Accipitridae,Birds
Polemaetus bellicosus,Martial Eagle,Accipitridae,Birds
Lophaetus occipitalis,Long-Crested Eagle,Accipitridae,Birds
Kaupifalco monogrammicus,Lizard Buzzard,Accipitridae,Birds
Accipiter minullus,Little Sparrowhawk,Accipitridae,Birds
Aquila pomarina,Lesser Spotted Eagle,Accipitridae,Birds
Torgos tracheliotos,Lappet-Faced Vulture,Accipitridae,Birds
Gypaetus barbatus,Lammergeier,Accipitridae,Birds
Aquila heliaca,Imperial Eagle,Accipitridae,Birds
Necrosyrtes monachus,Hooded Vulture,Accipitridae,Birds
Butastur rufipennis,Grasshopper Buzzard,Accipitridae,Birds
Melierax gabar,Gabar Goshawk,Accipitridae,Birds
Pernis apivorus,European Honey-Buzzard,Accipitridae,Birds
Accipiter nisus,Eurasian Sparrowhawk,Accipitridae,Birds
Circus aeruginosus,Eurasian Marsh Harrier,Accipitridae,Birds
Neophron percnopterus,Egyptian Vulture,Accipitridae,Birds
Melierax poliopterus,Eastern Chanting-Goshawk,Accipitridae,Birds
Melierax metabates,Dark Chanting-Goshawk,Accipitridae,Birds
Stephanoaetus coronatus,Crowned Hawk-Eagle,Accipitridae,Birds
Buteo buteo,Buzzard,Accipitridae,Birds
Circaetus cinereus,Brown Snake-Eagle,Accipitridae,Birds
Hieraaetus pennatus,Booted Eagle,Accipitridae,Birds
Elanus caeruleus,Black-Winged Kite,Accipitridae,Birds
Milvus migrans,Black Kite,Accipitridae,Birds
Accipiter melanoleucus,Black Goshawk,Accipitridae,Birds
Circaetus pectoralis,Black Chested Snake Eagle,Accipitridae,Birds
Macheiramphus alcinus,Bat Hawk,Accipitridae,Birds
Terathopius ecaudatus,Bateleur,Accipitridae,Birds
Hieraaetus ayresii,Ayres' Hawk-Eagle,Accipitridae,Birds
Buteo augur,Augur Buzzard,Accipitridae,Birds
Gyps africanus,African White-Backed Vulture,Accipitridae,Birds
Circus ranivorus,African Marsh-Harrier,Accipitridae,Birds
Hieraaetus spilogaster,African Hawk-Eagle,Accipitridae,Birds
Polyboroides typus,African Harrier-Hawk,Accipitridae,Birds
Accipiter tachiro,African Goshawk,Accipitridae,Birds
Haliaeetus vocifer,African Fish-Eagle,Accipitridae,Birds
Aviceda cuculoides,African Cuckoo-Hawk,Accipitridae,Birds
Threskiornis aethiopicus,Sacred Ibis,Threskiornithidae,Birds
Bostrychia hagedash,Hadada Ibis,Threskiornithidae,Birds
Plegadis falcinellus,Glossy Ibis,Threskiornithidae,Birds
Platalea alba,African Spoonbill,Threskiornithidae,Birds
Gorsachius leuconotus,White-Backed Night-Heron,Ardeidae,Birds
Ardeola ralloides,Squacco Heron,Ardeidae,Birds
Ardeola rufiventris,Rufous-Bellied Heron,Ardeidae,Birds
Ardea purpurea,Purple Heron,Ardeidae,Birds
Egretta garzetta,Mascarene Reef-Egret,Ardeidae,Birds
Ardeola idae,Madagascar Pond-Heron,Ardeidae,Birds
Ixobrychus minutus,Little Bittern,Ardeidae,Birds
Mesophoyx intermedia,Intermediate Egret,Ardeidae,Birds
Ardea cinerea,Grey Heron,Ardeidae,Birds
Butorides striata,Green-Backed Heron,Ardeidae,Birds
Casmerodius albus,Great Egret,Ardeidae,Birds
Ardea goliath,Goliath Heron,Ardeidae,Birds
Bubulcus ibis,Cattle Egret,Ardeidae,Birds
Egretta ardesiaca,Black Heron,Ardeidae,Birds
Ardea melanocephala,Black-Headed Heron,Ardeidae,Birds
Nycticorax nycticorax,Black-Crowned Night-Heron,Ardeidae,Birds
Ixobrychus sturmii,African Dwarf Bittern,Ardeidae,Birds
Scopus umbretta,Hammerkop,Scopidae,Birds
Balaeniceps rex,Shoebill,Balaenicipitidae,Birds
Pelecanus rufescens,Pink-Backed Pelican,Pelecanidae,Birds
Pelecanus onocrotalus,Great White Pelican,Pelecanidae,Birds
Anhinga rufa,African Darter,Anhingidae,Birds
Phalacrocorax africanus,Long-Tailed Cormorant,Phalacrocoracidae,Birds
Phalacrocorax carbo,Cormorant,Phalacrocoracidae,Birds
Ciconia episcopus,Woolly-Necked Stork,Ciconiidae,Birds
Mycteria ibis,Wood Ibis,Ciconiidae,Birds
Ciconia ciconia,White Stork,Ciconiidae,Birds
Ephippiorhynchus senegalensis,Saddle-Billed Stork,Ciconiidae,Birds
Leptoptilos crumeniferus,Marabou Stork,Ciconiidae,Birds
Ciconia nigra,Black Stork,Ciconiidae,Birds
Anastomus lamelligerus,African Openbill,Ciconiidae,Birds
Ciconia abdimii,Abdim's Stork,Ciconiidae,Birds
Phoeniconaias minor,Lesser Flamingo,Phoenicopteridae,Birds
Phoenicopterus roseus,Greater Flamingo,Phoenicopteridae,Birds
Tachybaptus ruficollis,Little Grebe,Podicipedidae,Birds
Podiceps cristatus,Great Crested Grebe,Podicipedidae,Birds
Podiceps nigricollis,Black-Necked Grebe,Podicipedidae,Birds
Francolinus leucoscepus,Yellow-Necked Spurfowl,Phasianidae,Birds
Francolinus shelleyi,Shelley's Francolin,Phasianidae,Birds
Francolinus squamatus,Scaly Francolin,Phasianidae,Birds
Francolinus afer,Red-Necked Francolin,Phasianidae,Birds
Francolinus hildebrandti,Hildebrandt's Francolin,Phasianidae,Birds
Coturnix delegorguei,Harlequin Quail,Phasianidae,Birds
Francolinus rufopictus,Grey-Breasted Francolin,Phasianidae,Birds
Francolinus sephaena,Crested Francolin,Phasianidae,Birds
Francolinus coqui,Coqui Francolin,Phasianidae,Birds
Coturnix coturnix,Common Quail,Phasianidae,Birds
Coturnix chinensis,Blue Quail,Phasianidae,Birds
Numida meleagris,Helmeted Guineafowl,Numididae,Birds
Guttera pucherani,Crested Guineafowl,Numididae,Birds
Dendrocygna viduata,White-Faced Whistling Duck,Anatidae,Birds
Thalassornis leuconotus,White-Backed Duck,Anatidae,Birds
Plectropterus gambensis,Spur-Winged Goose,Anatidae,Birds
Netta erythrophthalma,Southern Pochard,Anatidae,Birds
Anas erythrorhyncha,Red-Billed Duck,Anatidae,Birds
Oxyura maccoa,Maccoa Duck,Anatidae,Birds
Anas hottentota,Hottentot Teal,Anatidae,Birds
Anas querquedula,Garganey,Anatidae,Birds
Dendrocygna bicolor,Fulvous Whistling-Duck,Anatidae,Birds
Anas penelope,Eurasian Wigeon,Anatidae,Birds
Alopochen aegyptiaca,Egyptian Goose,Anatidae,Birds
Anas crecca,Common Teal,Anatidae,Birds
Sarkidiornis melanotos,Comb Duck,Anatidae,Birds
Anas capensis,Cape Teal,Anatidae,Birds
Anas undulata,African Yellow-Bill,Anatidae,Birds
Nettapus auritus,African Pygmy-Goose,Anatidae,Birds
Anas sparsa,African Black Duck,Anatidae,Birds
Struthio camelus,Ostrich,Struthionidae,Birds
Vidua chalybeata,Village Indigobird,Viduidae,Birds
Vidua hypocherina,Steel-Blue Whydah,Viduidae,Birds
Vidua macroura,Pin-Tailed Whydah,Viduidae,Birds
Anomalospiza imberbis,Parasitic Weaver,Viduidae,Birds
Vidua fischeri,Fischer's Whydah,Viduidae,Birds
Vidua paradisaea,Eastern Paradise-Whydah,Viduidae,Birds
Amandava subflava,Zebra Waxbill,Estrildidae,Birds
Estrilda quartinia,Yellow-Bellied Waxbill,Estrildidae,Birds
Estrilda melanotis,Swee Waxbill,Estrildidae,Birds
Uraeginthus bengalus,Red-Cheeked Cordonbleu,Estrildidae,Birds
Lagonosticta senegala,Red-Billed Firefinch,Estrildidae,Birds
Uraeginthus ianthinogaster,Purple Grenadier,Estrildidae,Birds
Hypargos niveoguttatus,Peter's Twinspot,Estrildidae,Birds
Lagonosticta rhodopareia,Jameson's Firefinch,Estrildidae,Birds
Lonchura griseicapilla,Grey-Headed Silverbill,Estrildidae,Birds
Pytilia melba,Green-Winged Pytilia,Estrildidae,Birds
Mandingoa nitidula,Green-Backed Twinspot,Estrildidae,Birds
Nigrita canicapillus,Gray Headed Negrofinch,Estrildidae,Birds
Amadina fasciata,Cut-Throat,Estrildidae,Birds
Estrilda rhodopyga,Crimson-Rumped Waxbill,Estrildidae,Birds
Estrilda astrild,Common Waxbill,Estrildidae,Birds
Lonchura cucullata,Bronze Mannikin,Estrildidae,Birds
Uraeginthus cyanocephalus,Blue-Capped Cordonbleu,Estrildidae,Birds
Estrilda erythronotos,Black-Cheeked Waxbill,Estrildidae,Birds
Lonchura bicolor,Black-And-White Mannikin,Estrildidae,Birds
Lonchura cantans,African Silverbill,Estrildidae,Birds
Ortygospiza atricollis,African Quailfinch,Estrildidae,Birds
Lagonosticta rubricata,African Firefinch,Estrildidae,Birds
Cryptospiza salvadorii,Abyssinian Crimson-Wing,Estrildidae,Birds
Euplectes afer,Yellow-Crowned Bishop,Ploceidae,Birds
Euplectes capensis,Yellow Bishop,Ploceidae,Birds
Euplectes albonotatus,White-Winged Widowbird,Ploceidae,Birds
Dinemellia dinemelli,White-Headed Buffalo-Weaver,Ploceidae,Birds
Ploceus vitellinus,Vitelline Masked-Weaver,Ploceidae,Birds
Ploceus cucullatus,Village Weaver,Ploceidae,Birds
Ploceus spekei,Speke's Weaver,Ploceidae,Birds
Ploceus ocularis,Spectacled Weaver,Ploceidae,Birds
Ploceus pelzelni,Slender-Billed Weaver,Ploceidae,Birds
Anaplectes rubriceps,Red-Headed Weaver,Ploceidae,Birds
Quelea erythrops,Red-Headed Quelea,Ploceidae,Birds
Euplectes ardens,Red-Collared Widowbird,Ploceidae,Birds
Euplectes orix,Red Bishop,Ploceidae,Birds
Quelea quelea,Red-Billed Quelea,Ploceidae,Birds
Bubalornis niger,Red-Billed Buffalo-Weaver,Ploceidae,Birds
Ploceus intermedius,Lesser Masked-Weaver,Ploceidae,Birds
Euplectes jacksoni,Jackson's Widowbird,Ploceidae,Birds
Ploceus xanthops,Holub's Golden-Weaver,Ploceidae,Birds
Amblyospiza albifrons,Grosbeak Weaver,Ploceidae,Birds
Ploceus jacksoni,Golden-Backed Weaver,Ploceidae,Birds
Euplectes axillaris,Fan-Tailed Widowbird,Ploceidae,Birds
Ploceus rubiginosus,Chestnut Weaver,Ploceidae,Birds
Quelea cardinalis,Cardinal Quelea,Ploceidae,Birds
Ploceus insignis,Brown-Capped Weaver,Ploceidae,Birds
Euplectes hordeaceus,Black-Winged Bishop,Ploceidae,Birds
Ploceus nigricollis,Black-Necked Weaver,Ploceidae,Birds
Ploceus melanocephalus,Black-Headed Weaver,Ploceidae,Birds
Euplectes gierowii,Black Bishop,Ploceidae,Birds
Ploceus baglafecht,Baglafecht Weaver,Ploceidae,Birds
Petronia pyrgita,Yellow-Spotted Petronia,Passeridae,Birds
Plocepasser mahali,White-Browed Sparrow-Weaver,Passeridae,Birds
Passer suahelicus,Swahili Sparrow,Passeridae,Birds
Sporopipes frontalis,Speckle-Fronted Weaver,Passeridae,Birds
Histurgops ruficaudus,Rufous Tailed Weaver,Passeridae,Birds
Passer gongonensis,Parrot Billed Sparrow,Passeridae,Birds
Passer rufocinctus,Kenia Rufous Sparrow,Passeridae,Birds
Passer domesticus,House Sparrow,Passeridae,Birds
Pseudonigrita arnaudi,Grey-Headed Social-Weaver,Passeridae,Birds
Passer eminibey,Chestnut Sparrow,Passeridae,Birds
Serinus atrogularis,Yellow-Rumped Seedeater,Fringillidae,Birds
Serinus mozambicus,Yellow-Fronted Canary,Fringillidae,Birds
Serinus flavivertex,Yellow-Crowned Canary,Fringillidae,Birds
Serinus frontalis,Yellow-Browed Citril,Fringillidae,Birds
Serinus dorsostriatus,White-Bellied Canary,Fringillidae,Birds
Serinus citrinelloides,Western Citril,Fringillidae,Birds
Serinus burtoni,Thick-Billed Seedeater,Fringillidae,Birds
Serinus striolatus,Streaky Seedeater,Fringillidae,Birds
Serinus reichardi,Reichard's Seedeater,Fringillidae,Birds
Serinus buchanani,Kenya Grosbeak Canary,Fringillidae,Birds
Serinus hypostictus,Grey-Faced Citril,Fringillidae,Birds
Emberiza flaviventris,Golden-Breasted Bunting,Emberizidae,Birds
Emberiza tahapisi,Cinnamon-Breasted Bunting,Emberizidae,Birds
Motacilla flava,Yellow Wagtail,Motacillidae,Birds
Macronyx croceus,Yellow-Throated Longclaw,Motacillidae,Birds
Anthus trivialis,Tree Pipit,Motacillidae,Birds
Macronyx ameliae,Rosy-Breasted Longclaw,Motacillidae,Birds
Anthus richardi,Richard's Pipit,Motacillidae,Birds
Anthus cervinus,Red-Throated Pipit,Motacillidae,Birds
Anthus leucophrys,Plain-Backed Pipit,Motacillidae,Birds
Macronyx aurantiigula,Pangani Longclaw,Motacillidae,Birds
Motacilla clara,Mountain Wagtail,Motacillidae,Birds
Anthus similis,Long-Billed Pipit,Motacillidae,Birds
Motacilla cinerea,Grey Wagtail,Motacillidae,Birds
Tmetothylacus tenellus,Golden Pipit,Motacillidae,Birds
Anthus caffer,Bush Pipit,Motacillidae,Birds
Anthus vaalensis,Buffy Pipit,Motacillidae,Birds
Motacilla aguimp,African Pied Wagtail,Motacillidae,Birds
Nectarinia venusta,Variable Sunbird,Nectariniidae,Birds
Nectarinia tacazze,Tacazze Sunbird,Nectariniidae,Birds
Nectarinia senegalensis,Scarlet-Chested Sunbird,Nectariniidae,Birds
Nectarinia erythrocerca,Red-Chested Sunbird,Nectariniidae,Birds
Nectarinia bifasciata,Purple-Banded Sunbird,Nectariniidae,Birds
Nectarinia mariquensis,Mariqua Sunbird,Nectariniidae,Birds
Nectarinia famosa,Malachite Sunbird,Nectariniidae,Birds
Anthreptes orientalis,Kenia Violet-Backed Sunbird,Nectariniidae,Birds
Nectarinia verticalis,Green-Headed Sunbird,Nectariniidae,Birds
Nectarinia reichenowi,Golden-Winged Sunbird,Nectariniidae,Birds
Nectarinia mediocris,Easterndouble-Collared Sunbird,Nectariniidae,Birds
Anthreptes collaris,Collared Sunbird,Nectariniidae,Birds
Nectarinia kilimensis,Bronze Sunbird,Nectariniidae,Birds
Nectarinia pulchella,Beautiful Sunbird,Nectariniidae,Birds
Nectarinia amethystina,Amethyst Sunbird,Nectariniidae,Birds
Buphagus africanus,Yellow-Billed Oxpecker,Sturnidae,Birds
Creatophora cinerea,Wattled Starling,Sturnidae,Birds
Onychognathus walleri,Waller's Starling,Sturnidae,Birds
Lamprotornis superbus,Superb Starling,Sturnidae,Birds
Cinnyricinclus sharpii,Sharpe's Starling,Sturnidae,Birds
Lamprotornis purpuroptera,Rueppell's Glossy Starling,Sturnidae,Birds
Onychognathus morio,Red-Winged Starling,Sturnidae,Birds
Buphagus erythrorhynchus,Red-Billed Oxpecker,Sturnidae,Birds
Cinnyricinclus leucogaster,Plum-Coloured Starling,Sturnidae,Birds
Poeoptera kenricki,Kenrick's Starling,Sturnidae,Birds
Lamprotornis hildebrandti,Hildebrandt's Starling,Sturnidae,Birds
Lamprotornis chalybaeus,Greater Blue-Eared Glossy-Starling,Sturnidae,Birds
Cosmopsarus unicolor,Ashy Starling,Sturnidae,Birds
Turdus menachensis,Yemen Thrush,Turdidae,Birds
Zoothera gurneyi,Orange Ground-Thrush,Turdidae,Birds
Turdus olivaceus,Olive Thrush,Turdidae,Birds
Zoothera piaggiae,Abyssinian Ground-Thrush,Turdidae,Birds
Irania gutturalis,White-Throated Robin,Muscicapidae,Birds
Pogonocichla stellata,White-Starred Robin,Muscicapidae,Birds
Dioptrornis fischeri,White-Eyed Slaty-Flycatcher,Muscicapidae,Birds
Cossypha heuglini,White-Browed Robin-Chat,Muscicapidae,Birds
Saxicola rubetra,Whinchat,Muscicapidae,Birds
Cichladusa guttata,Spotted Morning-Thrush,Muscicapidae,Birds
Muscicapa striata,Spotted Flycatcher,Muscicapidae,Birds
Melaenornis pammelaina,Southern Black-Flycatcher,Muscicapidae,Birds
Myrmecocichla nigra,Sooty Chat,Muscicapidae,Birds
Cossypha niveicapilla,Snowy-Crowned Robin-Chat,Muscicapidae,Birds
Bradornis microrhynchus,Small Grey Flycatcher,Muscicapidae,Birds
Empidornis semipartitus,Silverbird,Muscicapidae,Birds
Ficedula semitorquata,Semi-Collared Flycatcher,Muscicapidae,Birds
Oenanthe lugens,Schalow's Wheatear,Muscicapidae,Birds
Monticola saxatilis,Rufous-Tailed Rock Thrush,Muscicapidae,Birds
Cossypha semirufa,Rueppell's Robin-Chat,Muscicapidae,Birds
Cossypha natalensis,Red-Capped Robin-Chat,Muscicapidae,Birds
Erythropygia leucophrys,Red Backed Scrub Robin,Muscicapidae,Birds
Oenanthe pleschanka,Pied Wheatear,Muscicapidae,Birds
Bradornis pallidus,Pale Flycatcher,Muscicapidae,Birds
Oenanthe oenanthe,Northern Wheatear,Muscicapidae,Birds
Melaenornis edolioides,Northern Black-Flycatcher,Muscicapidae,Birds
Cercomela sordida,Moorland Chat,Muscicapidae,Birds
Myrmecocichla cinnamomeiventris,Mocking Cliff-Chat,Muscicapidae,Birds
Monticola rufocinereus,Little Rock-Thrush,Muscicapidae,Birds
Oenanthe isabellina,Isabelline Wheatear,Muscicapidae,Birds
Saxicola torquatus,Common Stonechat,Muscicapidae,Birds
Oenanthe pileata,Capped Wheatear,Muscicapidae,Birds
Cossypha caffra,Cape Robin-Chat,Muscicapidae,Birds
Erythropygia hartlaubi,Brown Backed Scrub Robin,Muscicapidae,Birds
Muscicapa caerulescens,Ashy Flycatcher,Muscicapidae,Birds
Muscicapa adusta,African Dusky Flycatcher,Muscicapidae,Birds
Turdoides sharpei,Sharpe's Pied Babbler,Timaliidae,Birds
Turdoides aylmeri,Scaly Chatterer,Timaliidae,Birds
Turdoides rubiginosa,Rufous Chatterer,Timaliidae,Birds
Turdoides hypoleuca,Northern Pied Babbler,Timaliidae,Birds
Turdoides jardineii,Arrow-Marked Babbler,Timaliidae,Birds
Pseudoalcippe abyssinica,African Hill Babbler,Timaliidae,Birds
Zosterops abyssinicus,White-Breasted White-Eye,Zosteropidae,Birds
Zosterops senegalensis,African Yellow White-Eye,Zosteropidae,Birds
Hyliota flavigaster,Yellow-Bellied Hyliota,Sylviidae,Birds
Phylloscopus trochilus,Willow Warbler,Sylviidae,Birds
Sylvia communis,Whitethroat,Sylviidae,Birds
Hippolais languida,Upcher's Warbler,Sylviidae,Birds
Acrocephalus schoenobaenus,Sedge Warbler,Sylviidae,Birds
Eremomela icteropygialis,Salvadori's Eremomela,Sylviidae,Birds
Locustella fluviatilis,River Warbler,Sylviidae,Birds
Sylvietta whytii,Red-Faced Crombec,Sylviidae,Birds
Hippolais olivetorum,Olive-Tree Warbler,Sylviidae,Birds
Hippolais pallida,Olivaceous Warbler,Sylviidae,Birds
Sylvietta brachyura,Northern Crombec,Sylviidae,Birds
Chloropeta similis,Mountain Warbler,Sylviidae,Birds
Bradypterus lopezi,Lopez' Scrub-Warbler,Sylviidae,Birds
Acrocephalus gracilirostris,Lesser Swamp-Warbler,Sylviidae,Birds
Hippolais icterina,Icterine Warbler,Sylviidae,Birds
Eremomela scotops,Greencap Eremomela,Sylviidae,Birds
Acrocephalus arundinaceus,Great Reed Warbler,Sylviidae,Birds
Sylvia borin,Garden Warbler,Sylviidae,Birds
Schoenicola brevirostris,Fan Tailed Grassbird,Sylviidae,Birds
Acrocephalus scirpaceus,Eurasian Reed Warbler,Sylviidae,Birds
Bradypterus cinnamomeus,Cinnamon Bracken Warbler,Sylviidae,Birds
Phylloscopus umbrovirens,Brown Woodland-Warbler,Sylviidae,Birds
Sylvia lugens,Brown Warbler,Sylviidae,Birds
Sylvia atricapilla,Blackcap,Sylviidae,Birds
Sylvia boehmi,Banded Warbler,Sylviidae,Birds
Acrocephalus baeticatus,African Reed-Warbler,Sylviidae,Birds
Cisticola juncidis,Zitting Cisticola,Cisticolidae,Birds
Cisticola galactotes,Winding Cisticola,Cisticolidae,Birds
Cisticola woosnami,Trilling Cisticola,Cisticolidae,Birds
Cisticola nanus,Tiny Cisticola,Cisticolidae,Birds
Cisticola angusticauda,Tabora Cisticola,Cisticolidae,Birds
Cisticola robustus,Stout Cisticola,Cisticolidae,Birds
Cisticola cantans,Singing Cisticola,Cisticolidae,Birds
Cisticola brachypterus,Siffling Cisticola,Cisticolidae,Birds
Cisticola aberrans,Rock-Loving Cisticola,Cisticolidae,Birds
Cisticola erythrops,Red-Faced Cisticola,Cisticolidae,Birds
Cisticola chiniana,Rattling Cisticola,Cisticolidae,Birds
Prinia subflava,Plain Prinia,Cisticolidae,Birds
Cisticola brunnescens,Pectoral-Patch Cisticola,Cisticolidae,Birds
Camaroptera undosa,Miombo Barred Warbler,Cisticolidae,Birds
Cisticola lais,Lynes' Cisticola,Cisticolidae,Birds
Apalis karamojae,Karamoja Apalis,Cisticolidae,Birds
Cisticola hunteri,Hunter's Cisticola,Cisticolidae,Birds
Camaroptera simplex,Grey Wren Warbler,Cisticolidae,Birds
Eminia lepida,Grey-Capped Warbler,Cisticolidae,Birds
Apalis cinerea,Grey Apalis,Cisticolidae,Birds
Camaroptera brachyura,Green-Backed Camaroptera,Cisticolidae,Birds
Cisticola aridulus,Desert Cisticola,Cisticolidae,Birds
Cisticola natalensis,Croaking Cisticola,Cisticolidae,Birds
Apalis porphyrolaema,Chapin's Apalis,Cisticolidae,Birds
Phyllolais pulchella,Buff-Bellied Warbler,Cisticolidae,Birds
Apalis flavida,Brown-Tailed Apalis,Cisticolidae,Birds
Apalis alticola,Brown-Headed Apalis,Cisticolidae,Birds
Apalis jacksoni,Black-Throated Apalis,Cisticolidae,Birds
Cisticola cinereolus,Ashy Cisticola,Cisticolidae,Birds
Andropadus latirostris,Yellow-Whiskered Greenbul,Pycnonotidae,Birds
Chlorocichla flavicollis,Yellow-Throated Greenbul,Pycnonotidae,Birds
Chlorocichla flaviventris,Yellow-Bellied Greenbul,Pycnonotidae,Birds
Andropadus milanjensis,Stipe-Cheeked Greenbul,Pycnonotidae,Birds
Phyllastrephus strepitans,Northern Brownbul,Pycnonotidae,Birds
Phyllastrephus cerviniventris,Grey-Olive Greenbul,Pycnonotidae,Birds
Andropadus nigriceps,Eastern Mountain Greenbul,Pycnonotidae,Birds
Pycnonotus barbatus,Common Bulbul,Pycnonotidae,Birds
Phyllastrephus cabanisi,Cabanis' Greenbul,Pycnonotidae,Birds
Anthoscopus caroli,African Penduline-Tit,Remizidae,Birds
Parus albiventris,White-Bellied Tit,Paridae,Birds
Parus fringillinus,Red-Throated Tit,Paridae,Birds
Hirundo smithii,Wire-Tailed Swallow,Hirundinidae,Birds
Psalidoprocne albiceps,White-Headed Sawwing,Hirundinidae,Birds
Riparia riparia,Sand Martin,Hirundinidae,Birds
Hirundo semirufa,Rufous-Chested Swallow,Hirundinidae,Birds
Hirundo fuligula,Rock Martin,Hirundinidae,Birds
Hirundo daurica,Red-Rumped Swallow,Hirundinidae,Birds
Riparia paludicola,Plain Martin,Hirundinidae,Birds
Delichon urbicum,Northern House Martin,Hirundinidae,Birds
Hirundo senegalensis,Mosque Swallow,Hirundinidae,Birds
Hirundo abyssinica,Lesser Striped-Swallow,Hirundinidae,Birds
Pseudhirundo griseopyga,Gray Rumped Swallow,Hirundinidae,Birds
Psalidoprocne pristoptera,Blue Sawwing,Hirundinidae,Birds
Hirundo rustica,Barn Swallow,Hirundinidae,Birds
Riparia cincta,Banded Martin,Hirundinidae,Birds
Hirundo angolensis,Angola Swallow,Hirundinidae,Birds
Mirafra albicauda,White-Tailed Lark,Alaudidae,Birds
Mirafra africana,Somali Lark,Alaudidae,Birds
Mirafra cantillans,Singing Bushlark,Alaudidae,Birds
Pseudalaemon fremantlii,Short-Tailed Lark,Alaudidae,Birds
Mirafra hypermetra,Red-Winged Lark,Alaudidae,Birds
Mirafra rufocinnamomea,Flappet Lark,Alaudidae,Birds
Eremopterix leucopareia,Fischer's Sparrow-Lark,Alaudidae,Birds
Calandrella cinerea,Erlanger's Lark,Alaudidae,Birds
Eremopterix leucotis,Chestnut-Backed Sparrow-Lark,Alaudidae,Birds
Calandrella somalica,Athi Short-Toed Lark,Alaudidae,Birds
Mirafra alopex,Abyssinian Lark,Alaudidae,Birds
Corvus albicollis,White-Necked Raven,Corvidae,Birds
Corvus albus,Pied Crow,Corvidae,Birds
Corvus capensis,Black Crow,Corvidae,Birds
Elminia albicauda,White-Tailed Blue Flycatcher,Monarchidae,Birds
Terpsiphone viridis,African Paradise-Flycatcher,Monarchidae,Birds
Dicrurus adsimilis,Fork-Tailed Drongo,Dicruridae,Birds
Oriolus oriolus,Eurasian Golden Oriole,Oriolidae,Birds
Oriolus auratus,African Golden Oriole,Oriolidae,Birds
Oriolus larvatus,African Black-Headed Oriole,Oriolidae,Birds
Lanius dorsalis,Taita Fiscal,Laniidae,Birds
Eurocephalus rueppelli,Rüppell's White-Crowned Shrike,Laniidae,Birds
Lanius collurio,Red-Backed Shrike,Laniidae,Birds
Urolestes melanoleucus,Magpie Shrike,Laniidae,Birds
Lanius mackinnoni,Mackinnon's Shrike,Laniidae,Birds
Lanius cabanisi,Long-Tailed Fiscal,Laniidae,Birds
Lanius isabellinus,Isabelline Shrike,Laniidae,Birds
Lanius excubitoroides,Grey-Backed Fiscal,Laniidae,Birds
Lanius collaris,Fiscal Shrike,Laniidae,Birds
Campephaga quiscalina,Purple-Throated Cuckoo-Shrike,Campephagidae,Birds
Coracina caesia,Grey Cuckoo-Shrike,Campephagidae,Birds
Campephaga flava,Black Cuckoo-Shrike,Campephagidae,Birds
Prionops plumatus,White Helmetshrike,Malaconotidae,Birds
Laniarius aethiopicus,Tropical Boubou,Malaconotidae,Birds
Tchagra jamesi,Three-Streaked Tchagra,Malaconotidae,Birds
Telophorus sulfureopectus,Sulphur-Breasted Bushshrike,Malaconotidae,Birds
Laniarius funebris,Slate-Coloured Boubou,Malaconotidae,Birds
Rhodophoneus cruentus,Rosy-Patched Bushshrike,Malaconotidae,Birds
Malaconotus blanchoti,Grey-Headed Bushshrike,Malaconotidae,Birds
Prionops poliolophus,Grey-Crested Helmetshrike,Malaconotidae,Birds
Nilaus afer,Brubru Shrike,Malaconotidae,Birds
Tchagra australis,Brown-Crowned Tchagra,Malaconotidae,Birds
Laniarius erythrogaster,Black-Headed Gonolek,Malaconotidae,Birds
Telophorus nigrifrons,Black-Fronted Bushshrike,Malaconotidae,Birds
Tchagra senegalus,Black-Crowned Tchagra,Malaconotidae,Birds
Dryoscopus cubla,Black-Backed Puffback,Malaconotidae,Birds
Batis molitor,Chinspot Batis,Platysteiridae,Birds
Platysteira cyanea,Brown-Throated Wattle-Eye,Platysteiridae,Birds
Platysteira peltata,Black-Throated Wattle-Eye,Platysteiridae,Birds
Pitta angolensis,African Pitta,Pittidae,Birds
Smithornis capensis,African Broadbill,Eurylaimidae,Birds
Agapornis personatus,Yellow Collared Lovebird,Psittacidae,Birds
Poicephalus gulielmi,Red Fronted Parrot,Psittacidae,Birds
Poicephalus rufiventris,Red-Bellied Parrot,Psittacidae,Birds
Poicephalus meyeri,Meyer's Parrot,Psittacidae,Birds
Agapornis fischeri,Fischer's Lovebird,Psittacidae,Birds
Falco fasciinucha,Taita Falcon,Falconidae,Birds
Falco cherrug,Saker Falcon,Falconidae,Birds
Falco chicquera,Red-Necked Falcon,Falconidae,Birds
Falco vespertinus,Red-Footed Falcon,Falconidae,Birds
Polihierax semitorquatus,Pygmy Falcon,Falconidae,Birds
Falco peregrinus,Peregrine Falcon,Falconidae,Birds
Falco naumanni,Lesser Kestrel,Falconidae,Birds
Falco biarmicus,Lanner,Falconidae,Birds
Falco ardosiaceus,Grey Kestrel,Falconidae,Birds
Falco rupicoloides,Greater Kestrel,Falconidae,Birds
Falco eleonorae,Eleonora's Falcon,Falconidae,Birds
Falco dickinsoni,Dickinson's Kestrel,Falconidae,Birds
Falco tinnunculus,Common Kestrel,Falconidae,Birds
Falco amurensis,Amur Falcon,Falconidae,Birds
Falco cuvierii,African Hobby,Falconidae,Birds
Campethera tullbergi,Tullberg's Woodpecker,Picidae,Birds
Jynx ruficollis,Rufous-Necked Wryneck,Picidae,Birds
Campethera nubica,Nubian Woodpecker,Picidae,Birds
Mesopicos goertae,Grey Woodpecker,Picidae,Birds
Campethera cailliautii,Green-Backed Woodpecker,Picidae,Birds
Campethera abingoni,Golden-Tailed Woodpecker,Picidae,Birds
Dendropicos spodocephalus,Eastern Grey Woodpecker,Picidae,Birds
Dendropicos fuscescens,Cardinal Woodpecker,Picidae,Birds
Dendrocopos obsoletus,Brown-Backed Woodpecker,Picidae,Birds
Thripias namaquus,Bearded Woodpecker,Picidae,Birds
Prodotiscus regulus,Wahlberg's Honeyguide,Indicatoridae,Birds
Lemniscomys rosalia,Single Striped Lemniscomys,Muridae,Mammals
Elephantulus rufescens,Rufous Elephant Shrew,Macroscelididae,Mammals
Procavia capensis,Rock Hyrax,Procaviidae,Mammals
Dendrohyrax arboreus,Southern Tree Hyrax,Procaviidae,Mammals
Loxodonta africana,African Bush Elephant,Elephantidae,Mammals
Otolemur crassicaudatus,Brown Greater Galago,Galagidae,Mammals
Colobus guereza,Mantled Guereza,Cercopithecidae,Mammals
Erythrocebus patas,Patas Monkey,Cercopithecidae,Mammals
Papio cynocephalus,Yellow Baboon,Cercopithecidae,Mammals
Paraxerus ochraceus,Ochre Bush Squirrel,Sciuridae,Mammals
Xerus rutilus,Unstriped Ground Squirrel,Sciuridae,Mammals
Graphiurus kelleni,Kellen's Dormouse,Gliridae,Mammals
Graphiurus microtis,Small Eared Dormouse,Gliridae,Mammals
Graphiurus murinus,Woodland Dormouse,Gliridae,Mammals
Tachyoryctes splendens,East African Mole Rat,Spalacidae,Mammals
Dendromus mystacalis,Chestnut Climbing Mouse,Nesomyidae,Mammals
Saccostomus mearnsi,East African Pouched Mouse,Nesomyidae,Mammals
Cricetomys gambianus,Gambian Rat,Nesomyidae,Mammals
Thallomys paedulcus,Acacia Rat,Muridae,Mammals
Arvicanthis niloticus,African Grass Rat,Muridae,Mammals
Rattus rattus,Black Rat,Muridae,Mammals
Gerbilliscus boehmi,Boehm's Gerbil,Muridae,Mammals
Myomyscus brockmani,Brockman's Myomyscus,Muridae,Mammals
Pelomys fallax,Creek Groove-Toothed Swamp Rat,Muridae,Mammals
Mastomys pernanus,Dwarf Mastomys,Muridae,Mammals
Taterillus emini,Emin's Gerbil,Muridae,Mammals
Rhabdomys pumilio,Four Striped Grass Mouse,Muridae,Mammals
Mus triton,Gray-Bellied Mouse,Muridae,Mammals
Gerbillus harwoodi,Harwood's Gerbil,Muridae,Mammals
Aethomys hindei,Hinde's Rock Rat,Muridae,Mammals
Aethomys kaiseri,Kaiser's Rock Rat,Muridae,Mammals
Gerbillus pusillus,Least Gerbil,Muridae,Mammals
Thallomys loringi,Loring's Rat,Muridae,Mammals
Uranomys ruddi,Rudd's Mouse,Muridae,Mammals
Lophuromys sikapusi,Rusty-Bellied Brush-Furred Rat,Muridae,Mammals
Grammomys ibeanus,Ruwenzori Thicket Rat,Muridae,Mammals
Pronolagus rupestris,Smith's Red Rock Hare,Leporidae,Mammals
Crocidura hirta,Lesser Red Musk Shrew,Soricidae,Mammals
Rousettus aegyptiacus,Egyptian Fruit Bat,Pteropodidae,Mammals
Epomophorus labiatus,Ethiopian Epauletted Fruit Bat,Pteropodidae,Mammals
Rhinolophus darlingi,Darling's Horseshoe Bat,Rhinolophidae,Mammals
Hipposideros vittatus,Striped Leaf Nosed Bat,Hipposideridae,Mammals
Hipposideros caffer,Sundevall's Roundleaf Bat,Hipposideridae,Mammals
Coleura afra,African Sheath-Tailed Bat,Emballonuridae,Mammals
Nycteris arge,Bate's Slit-Faced Bat,Nycteridae,Mammals
Nycteris hispida,Hairy Slit Faced Bat,Nycteridae,Mammals
Chaerephon bemmeleni,Gland Tailed Free Tailed Bat,Molossidae,Mammals
Chaerephon major,Lappet Eared Free Tailed Bat,Molossidae,Mammals
Chaerephon chapini,Pale Free Tailed Bat,Molossidae,Mammals
Chaerephon bivittatus,Spotted Free Tailed Bat,Molossidae,Mammals
Glauconycteris variegata,Butterfly Bat,Vespertilionidae,Mammals
Kerivoula argentata,Damara Woolly Bat,Vespertilionidae,Mammals
Scotoecus hirundo,Dark Winged Lesser House Bat,Vespertilionidae,Mammals
Pipistrellus hesperidus,Dusky Pipistrelle,Vespertilionidae,Mammals
Pipistrellus rueppellii,Rüppel's Pipistrelle,Vespertilionidae,Mammals
Nycticeinops schlieffeni,Schlieffen's Bat,Vespertilionidae,Mammals
Neoromicia tenuipinnis,White Winged Serotine,Vespertilionidae,Mammals
Neoromicia nana,null,Vespertilionidae,Mammals
Caracal caracal,Asian Caracal,Felidae,Mammals
Acinonyx jubatus,Cheetah,Felidae,Mammals
Panthera pardus,Leopard,Felidae,Mammals
Panthera leo,Lion,Felidae,Mammals
Nandinia binotata,African Palm Civet,Nandiniidae,Mammals
Bdeogale crassicauda,Bushy-Tailed Mongoose,Herpestidae,Mammals
Lycaon pictus,African Wild Dog,Canidae,Mammals
Otocyon megalotis,Bat-Eared Fox,Canidae,Mammals
Canis mesomelas,Chacal À Chabraque,Canidae,Mammals
Canis aureus,Golden Jackal,Canidae,Mammals
Hydrictis maculicollis,Spotted Necked Otter,Mustelidae,Mammals
Equus quagga,Plains Zebra,Equidae,Mammals
Diceros bicornis,Black Rhinoceros,Rhinocerotidae,Mammals
Hippopotamus amphibius,Common Hippopotamus,Hippopotamidae,Mammals
Giraffa camelopardalis,Giraffe,Giraffidae,Mammals
Oryx beisa,Beisa Oryx,Bovidae,Mammals
Aepyceros melampus,Black-Faced Impala,Bovidae,Mammals
Philantomba monticola,Blue Duiker,Bovidae,Mammals
Connochaetes taurinus,Blue Wildebeest,Bovidae,Mammals
Sylvicapra grimmia,Common Duiker,Bovidae,Mammals
Tragelaphus oryx,Common Eland,Bovidae,Mammals
Damaliscus lunatus,Common Tsessebe,Bovidae,Mammals
Nanger granti,Grant's Gazelle,Bovidae,Mammals
Tragelaphus strepsiceros,Greater Kudu,Bovidae,Mammals
Madoqua kirkii,Kirk's Dik Dik,Bovidae,Mammals
Redunca fulvorufula,Mountain Reedbuck,Bovidae,Mammals
Ourebia ourebi,Oribi,Bovidae,Mammals
Hippotragus equinus,Roan Antelope,Bovidae,Mammals
Raphicerus campestris,Steenbok,Bovidae,Mammals
Eudorcas thomsonii,Thomson's Gazelle,Bovidae,Mammals
Kobus ellipsiprymnus,Waterbuck,Bovidae,Mammals
Arvicanthis neumanni,Somali Grass Rat,Muridae,Mammals
Lemniscomys striatus,Typical Lemniscomys,Muridae,Mammals
Acomys wilsoni,Wilson's Spiny Mouse,Muridae,Mammals
Anomalurus derbianus,Derby's Flying Squirrel,Anomaluridae,Mammals
Pedetes surdaster,East African Spring Hare,Pedetidae,Mammals
Heliophobius argenteocinereus,Silvery Mole Rat,Bathyergidae,Mammals
Hystrix africaeaustralis,Cape Porcupine,Hystricidae,Mammals
Hystrix cristata,Crested Porcupine,Hystricidae,Mammals
Psammophis mossambicus,Olive Whip Snake,Psammophiidae,Reptiles
Psammophis angolensis,Dwarf Sand Snake,Psammophiidae,Reptiles
Duberria lutrix,Common Slug Eater,Pseudoxyrhophiidae,Reptiles
Lamprophis fuliginosus,Brown House Snake,Lamprophiidae,Reptiles
Crotaphopeltis hotamboelia,null,Colubridae,Reptiles
Philothamnus semivariegatus,Variegated Green Snake,Colubridae,Reptiles
Telescopus semiannulatus,Tiger Cat Snake,Colubridae,Reptiles
Dasypeltis scabra,Rhombic Egg Eater,Colubridae,Reptiles
Dispholidus typus,Boomslang,Colubridae,Reptiles
Philothamnus battersbyi,Battersby's Green Snake,Colubridae,Reptiles
Malacochersus tornieri,Pancake Tortoise,Testudinidae,Reptiles
Kinixys spekii,Speke's Hingeback Tortoise,Testudinidae,Reptiles
Pelomedusa subrufa,Marsh Terrapin,Pelomedusidae,Reptiles
Acanthocercus atricollis,Black-Necked Ridgeback Agama,Agamidae,Reptiles
Acanthocercus cyanogaster,Black-Necked Tree Agama,Agamidae,Reptiles
Agama mwanzae,Mwanza Flat-Headed Agama,Agamidae,Reptiles
Agama armata,Peter's Ground Agama,Agamidae,Reptiles
Chamaeleo rudis,Coarse Chameleon,Chamaeleonidae,Reptiles
Chamaeleo dilepis,Flapneck Chameleon,Chamaeleonidae,Reptiles
Lygodactylus angolensis,Angola Dwarf Gecko,Gekkonidae,Reptiles
Lygodactylus capensis,Cape Dwarf Gecko,Gekkonidae,Reptiles
Lygodactylus manni,Mann's Dwarf Gecko,Gekkonidae,Reptiles
Hemidactylus mabouia,Moreau's Tropical House Gecko,Gekkonidae,Reptiles
Hemidactylus squamulatus,Nyika Gecko,Gekkonidae,Reptiles
Pachydactylus turneri,Turner's Thick-Toed Gecko,Gekkonidae,Reptiles
Hemidactylus brooki,null,Gekkonidae,Reptiles
Cordylus beraduccii,Maasai Girdled Lizard,Cordylidae,Reptiles
Gerrhosaurus nigrolineatus,Black-Lined Plated Lizard,Gerrhosauridae,Reptiles
Latastia longicaudata,Common Long-Tailed Lizard,Lacertidae,Reptiles
Nucrus boulengeri,null,Lacertidae,Reptiles
Mabuya striata,African Striped Mabuya,Scincidae,Reptiles
Lygosoma afrum,Peters' Eyelid Skink,Scincidae,Reptiles
Mabuya brevicollis,Sudan Mabuya,Scincidae,Reptiles
Lygosoma sundevalli,Sundevall's Writhing Skink,Scincidae,Reptiles
Mabuya varia,Variable Skink,Scincidae,Reptiles
Geochelone pardalis,Leopard Tortoise,Gymnophthalmidae,Reptiles
Aparallactus jacksoni,null,Atractaspididae,Reptiles
Hemirhagerrhis kelleri,Striped Bark Snake,Psammophiidae,Reptiles
Atractaspis microlepidota,Small-Scaled Burrowing Asp,Atractaspididae,Reptiles
Python natalensis,Southern African Python,Pythonidae,Reptiles
Leptotyphlops scutifrons,Peter's Thread Snake,Leptotyphlopidae,Reptiles
Typhlops lineolatus,Common Lined Worm Snake,Typhlopidae,Reptiles
Bitis arietans,Puff Adder,Viperidae,Reptiles
Rhinotyphlops mucruso,null,Elapidae,Reptiles
Naja nigricollis,Nigricollis,Elapidae,Reptiles
Naja haje,Egyptian Cobra,Elapidae,Reptiles
Dendroaspis polylepis,Black Mamba,Elapidae,Reptiles
Rhampiophis rostratus,null,Lamprophiidae,Reptiles
Psammophis sudenensis,null,Psammophiidae,Reptiles
Pelomedusa subrufa,Marsh Terrapin,Pelomedusidae,Turtles (non-marine)
Malacochersus tornieri,Pancake Tortoise,Testudinidae,Turtles (non-marine)
Stigmochelys pardalis,Leopard Tortoise,Testudinidae,Turtles (non-marine)
Kinixys belliana,Bell's Hingeback Tortoise,Testudinidae,Turtles (non-marine)
Pyxicephalus adspersus,Bullfrog,Pyxicephalidae,Amphibians
Chiromantis petersii,Peters' Foam-Nest Treefrog,Rhacophoridae,Amphibians
Hylarana galamensis,Marble-Legged Frog,Ranidae,Amphibians
Tomopterna cryptotis,Striped Pyxie,Pyxicephalidae,Amphibians
Tomopterna luganga,Red Sand Frog,Pyxicephalidae,Amphibians
Cacosternum plimptoni,Plimpton's Dainty Frog,Pyxicephalidae,Amphibians
Ptychadena nilotica,null,Ptychadenidae,Amphibians
Ptychadena stenocephala,Uganda Grassland Frog,Ptychadenidae,Amphibians
Ptychadena porosissima,Three-Striped Rana,Ptychadenidae,Amphibians
Ptychadena schillukorum,Sudan Grassland Frog,Ptychadenidae,Amphibians
Ptychadena mossambica,Single-Striped Grass Frog,Ptychadenidae,Amphibians
Ptychadena oxyrhynchus,Sharp-Nosed Frog,Ptychadenidae,Amphibians
Ptychadena anchietae,Plain Grass Frog,Ptychadenidae,Amphibians
Hildebrandtia ornata,Moeru Frog,Ptychadenidae,Amphibians
Ptychadena taenioscelis,Dwarf Rana,Ptychadenidae,Amphibians
Phrynobatrachus natalensis,Smith's Frog,Phrynobatrachidae,Amphibians
Phrynobatrachus acridoides,East African Puddle Frog,Phrynobatrachidae,Amphibians
Phrynobatrachus mababiensis,Chitiala Frog,Phrynobatrachidae,Amphibians
Phrynobatrachus bullans,Bubbling Puddle Frog,Phrynobatrachidae,Amphibians
Phrynomantis bifasciatus,Two-Striped Frog,Microhylidae,Amphibians
Afrixalus quadrivittatus,null,Hyperoliidae,Amphibians
Kassina senegalensis,Senegal Land Frog,Hyperoliidae,Amphibians
Hyperolius glandicolor,Peters Reed Frog,Hyperoliidae,Amphibians
Hyperolius kivuensis,Lake Kivu Reed Frog,Hyperoliidae,Amphibians
Hemisus guineensis,Pig-Nosed Frog,Hemisotidae,Amphibians
Hemisus marmoratus,Mottled Burrowing Frog,Hemisotidae,Amphibians
Mertensophryne taitana,Teita Toad,Bufonidae,Amphibians
Schismaderma carens,Red Toad,Bufonidae,Amphibians
Poyntonophrynus parkeri,Parker's Toad,Bufonidae,Amphibians
Sclerophrys pusilla,Merten's Striped Toad,Bufonidae,Amphibians
Amietophrynus gutturalis,Marbled Toad,Bufonidae,Amphibians
Amietophrynus garmani,Garman's Toad,Bufonidae,Amphibians
Leptopelis bocagii,Bocage's Frog,Arthroleptidae,Amphibians
Xenopus muelleri,Yellow-Bellied Platanna,Pipidae,Amphibians
Xenopus victorianus,Mwanza Frog,Pipidae,Amphibians
Xenopus borealis,Marsabit Clawed Frog,Pipidae,Amphibians
Hoplobatrachus occipitalis,African Tigrine Frog,Dicroglossidae,Amphibians
Astatoreochromis alluaudi,Allauad's Haplo,Cichlidae,Fishes
Hippotion rosae,null,Sphingidae,Sphingid moths
Hippotion roseipennis,null,Sphingidae,Sphingid moths
Hypaedalea butleri,null,Sphingidae,Sphingid moths
Leucophlebia xanthopis,null,Sphingidae,Sphingid moths
Leucostrophus alterhirundo,null,Sphingidae,Sphingid moths
Likoma apicalis,null,Sphingidae,Sphingid moths
Likoma crenata,null,Sphingidae,Sphingid moths
Litosphingia corticea,null,Sphingidae,Sphingid moths
Lophostethus dumolinii,null,Sphingidae,Sphingid moths
Macroglossum trochilus,null,Sphingidae,Sphingid moths
Macropoliana ferax,null,Sphingidae,Sphingid moths
Macropoliana natalensis,null,Sphingidae,Sphingid moths
Microclanis erlangeri,null,Sphingidae,Sphingid moths
Neoclanis basalis,null,Sphingidae,Sphingid moths
Neopolyptychus compar,null,Sphingidae,Sphingid moths
Neopolyptychus convexus,null,Sphingidae,Sphingid moths
Neopolyptychus pygarga,null,Sphingidae,Sphingid moths
Nephele accentifera,null,Sphingidae,Sphingid moths
Nephele argentifera,null,Sphingidae,Sphingid moths
Nephele bipartita,null,Sphingidae,Sphingid moths
Nephele comma,null,Sphingidae,Sphingid moths
Nephele discifera,null,Sphingidae,Sphingid moths
Nephele funebris,null,Sphingidae,Sphingid moths
Nephele monostigma,null,Sphingidae,Sphingid moths
Nephele oenopion,null,Sphingidae,Sphingid moths
Nephele peneus,null,Sphingidae,Sphingid moths
Nephele rectangulata,null,Sphingidae,Sphingid moths
Nephele vau,null,Sphingidae,Sphingid moths
Nephele xylina,null,Sphingidae,Sphingid moths
Pantophaea favillacea,null,Sphingidae,Sphingid moths
Phylloxiphia punctum,null,Sphingidae,Sphingid moths
Platysphinx piabilis,null,Sphingidae,Sphingid moths
Poliana buchholzi,null,Sphingidae,Sphingid moths
Poliana micra,null,Sphingidae,Sphingid moths
Poliana wintgensi,null,Sphingidae,Sphingid moths
Polyptychopsis marshalli,null,Sphingidae,Sphingid moths
Polyptychus baxteri,null,Sphingidae,Sphingid moths
Polyptychus coryndoni,null,Sphingidae,Sphingid moths
Polyptychus erosus,null,Sphingidae,Sphingid moths
Polyptychus grayii,null,Sphingidae,Sphingid moths
Polyptychus niloticus,null,Sphingidae,Sphingid moths
Polyptychus retusus,null,Sphingidae,Sphingid moths
Praedora leucophaea,null,Sphingidae,Sphingid moths
Praedora plagiata,null,Sphingidae,Sphingid moths
Praedora puchneri,null,Sphingidae,Sphingid moths
Praedora tropicalis,null,Sphingidae,Sphingid moths
Pseudoclanis diana,null,Sphingidae,Sphingid moths
Pseudoclanis molitor,null,Sphingidae,Sphingid moths
Pseudoclanis occidentalis,null,Sphingidae,Sphingid moths
Pseudoclanis postica,null,Sphingidae,Sphingid moths
Rhodafra marshalli,null,Sphingidae,Sphingid moths
Rufoclanis fulgurans,null,Sphingidae,Sphingid moths
Rufoclanis numosae,null,Sphingidae,Sphingid moths
Sphingonaepiopsis ansorgei,null,Sphingidae,Sphingid moths
Sphingonaepiopsis nana,null,Sphingidae,Sphingid moths
Temnora albilinea,null,Sphingidae,Sphingid moths
Temnora atrofasciata,null,Sphingidae,Sphingid moths
Temnora camerounensis,null,Sphingidae,Sphingid moths
Temnora crenulata,null,Sphingidae,Sphingid moths
Temnora elegans,null,Sphingidae,Sphingid moths
Temnora elisabethae,null,Sphingidae,Sphingid moths
Temnora eranga,null,Sphingidae,Sphingid moths
Temnora fumosa,null,Sphingidae,Sphingid moths
Temnora funebris,null,Sphingidae,Sphingid moths
Temnora griseata,null,Sphingidae,Sphingid moths
Temnora iapygoides,null,Sphingidae,Sphingid moths
Temnora livida,null,Sphingidae,Sphingid moths
Temnora marginata,null,Sphingidae,Sphingid moths
Temnora mirabilis,null,Sphingidae,Sphingid moths
Temnora natalis,null,Sphingidae,Sphingid moths
Temnora plagiata,null,Sphingidae,Sphingid moths
Temnora pseudopylas,null,Sphingidae,Sphingid moths
Temnora pylades,null,Sphingidae,Sphingid moths
Temnora radiata,null,Sphingidae,Sphingid moths
Temnora scheveni,null,Sphingidae,Sphingid moths
Temnora subapicalis,null,Sphingidae,Sphingid moths
Temnora trapezoidea,null,Sphingidae,Sphingid moths
Temnora zantus,null,Sphingidae,Sphingid moths
Theretra capensis,null,Sphingidae,Sphingid moths
Theretra jugurtha,null,Sphingidae,Sphingid moths
Theretra monteironis,null,Sphingidae,Sphingid moths
Theretra orpheus,null,Sphingidae,Sphingid moths
Hippotion osiris,null,Sphingidae,Sphingid moths
Chaerocina dohertyi,null,Sphingidae,Sphingid moths
Chloroclanis virescens,null,Sphingidae,Sphingid moths
Coelonia fulvinotata,null,Sphingidae,Sphingid moths
Dovania neumanni,null,Sphingidae,Sphingid moths
Euchloron megaera,null,Sphingidae,Sphingid moths
Falcatula falcatus,null,Sphingidae,Sphingid moths
Falcatula svaricki,null,Sphingidae,Sphingid moths
Hippotion aporodes,null,Sphingidae,Sphingid moths
Hippotion balsaminae,null,Sphingidae,Sphingid moths
Hippotion gracilis,null,Sphingidae,Sphingid moths
Hippotion irregularis,null,Sphingidae,Sphingid moths
Hippotion moorei,null,Sphingidae,Sphingid moths
Hippotion rebeli,null,Sphingidae,Sphingid moths
Hippotion eson,Common Striped Hawk,Sphingidae,Sphingid moths
Agrius convolvuli,Convolvulus Hawk,Sphingidae,Sphingid moths
Acherontia atropos,Death's Head Moth,Sphingidae,Sphingid moths
Xanthopan morganii,Morgan's Sphinx Moth,Sphingidae,Sphingid moths
Daphnis nerii,Oleander Hawkmoth,Sphingidae,Sphingid moths
Hippotion celerio,Silver-Striped Hawk-Moth,Sphingidae,Sphingid moths
Basiothia medea,Small Verdant Hawk,Sphingidae,Sphingid moths
Hyles livornica,Striped Hawk-Moth,Sphingidae,Sphingid moths
Acanthosphinx guessfeldti,null,Sphingidae,Sphingid moths
Afroclanis neavi,null,Sphingidae,Sphingid moths
Andriasa contraria,null,Sphingidae,Sphingid moths
Antinephele achlora,null,Sphingidae,Sphingid moths
Antinephele camerounensis,null,Sphingidae,Sphingid moths
Antinephele lunulata,null,Sphingidae,Sphingid moths
Antinephele marcida,null,Sphingidae,Sphingid moths
Atemnora westermannii,null,Sphingidae,Sphingid moths
Basiothia aureata,null,Sphingidae,Sphingid moths
Basiothia charis,null,Sphingidae,Sphingid moths
Batocnema africanus,null,Sphingidae,Sphingid moths
Callosphingia circe,null,Sphingidae,Sphingid moths
Centroctena imitans,null,Sphingidae,Sphingid moths
Cephonodes hylas,null,Sphingidae,Sphingid moths
Ceridia mira,null,Sphingidae,Sphingid moths
Thermochoria jeanneli,null,Libellulidae,Dragonflies
Aciagrion gracile,null,Coenagrionidae,Dragonflies
Onychogomphus nigrotibialis,null,Gomphidae,Dragonflies
Lestes ochraceus,null,Lestidae,Dragonflies
Lestes pinheyi,Pinhey's Spreadwing,Lestidae,Dragonflies
Acisoma panorpoides,Grizzled Pintail,Libellulidae,Dragonflies
Rhipsalis baccifera,Mistletoe Cactus,Cactaceae,Cacti
Rhipsalis baccifera,Mistletoe Cactus,Cactaceae,Cacti
Afrocarpus dawei,null,Podocarpaceae,Conifers
Juniperus procera,African Juniper,Cupressaceae,Conifers
Afrocarpus usambarensis,null,Podocarpaceae,Conifers
Podocarpus milanjianus,null,Podocarpaceae,Conifers
Afrocarpus gracilior,Sickle-Leaved Yellowwood,Podocarpaceae,Conifers
